ID,carbon_footprint
0x42e7,622.1063
0x1950,713.45245
0x20e5,986.91
0x4378,763.9184
0x1301,786.9511
0x33b3,599.9808
0x3750,747.08966
0x3e50,770.0532
0x10e5,925.86426
0x1924,866.04877
0x51db,983.8817
0x287d,771.19696
0x113c,702.4524
0x33b4,845.93933
0x33ae,957.96625
0x3b50,947.7079
0x3cbc,810.3253
0x14f0,949.2543
0x1c14,1022.5043
0x27ff,767.4647
0x4216,667.00995
0x19f2,830.1222
0x1f2f,743.4099
0x356d,1154.9595
0x1b61,1132.2305
0x4f49,667.24036
0xe3b,541.61017
0x27d4,1047.9884
0x4379,918.9446
0x11fa,856.9146
0x4784,791.5186
0xb31,549.62915
0x4977,700.01013
0x3986,909.2146
0x3804,860.07745
0x3671,648.5528
0x4d2c,753.2599
0x1382,718.8839
0x3524,1072.6644
0x1693,1106.233
0x444f,970.6625
0x1234,792.536
0x51cb,547.9361
0x23a8,826.5064
0x3ca8,669.6224
0x1acd,810.62604
0x26d3,865.03845
0x857,485.09094
0x4712,698.04297
0x4de9,855.0902
0x49f9,916.847
0xf4c,1117.4564
0x457a,591.83014
0x4c88,721.0487
0x5188,939.22327
0x166e,757.4961
0x1b9b,669.4067
0x3cdb,791.5186
0x2835,447.2224
0x49d9,491.8445
0x15f7,787.5638
0x26a0,625.11115
0x2fef,577.40784
0x32ec,846.81384
0x2218,1153.3917
0x45a1,698.71246
0x50cb,624.40344
0x132e,785.4196
0x3f4,979.82477
0xbff,1015.0027
0x3514,769.4066
0x4091,1022.5043
0x1432,489.50943
0x3a31,435.64224
0xc37,951.4958
0x3906,936.67206
0x412c,561.5219
0x13da,854.82367
0x1dbe,779.91705
0x591,785.64294
0x3eb8,725.15704
0x931,569.84265
0x484f,1082.697
0x424d,830.1812
0x9f4,725.15704
0x3fba,702.4524
0x3df4,475.29422
0x3f26,976.4368
0x4403,1056.8065
0x3fa7,450.50507
0x258d,854.82367
0x13aa,715.8794
0x512e,625.42236
0xc4b,902.3379
0xbeb,735.67285
0x475f,677.5089
0x4a0c,624.7896
0x367f,709.706
0x1c68,556.2226
0x475a,847.5968
0x20e4,705.39185
0x3f03,458.40604
0x1e5b,615.4375
0x512b,1360.5929
0x40bb,605.253
0x3203,1025.8698
0x1a84,519.8989
0x2bc4,819.95764
0x490b,786.1065
0x15c0,757.96674
0x4f80,811.42664
0x4c29,854.2905
0x1e20,936.4068
0xba1,577.1609
0x3fd1,855.5433
0x62f,771.53326
0x4fde,559.1057
0x12dd,578.3684
0x43bf,906.07666
0x4139,807.7615
0x4e01,632.0637
0x22d6,653.85406
0x306c,881.25934
0x2bbb,652.96075
0x4f22,712.2277
0x485,775.1406
0x18d1,869.217
0x3c56,575.1774
0x271e,853.2777
0x48bb,1161.4235
0x3e71,644.83844
0x4093,710.8332
0x2104,939.22327
0x29cc,879.86224
0x4c16,684.5557
0x5b6,833.5752
0x1abb,861.142
0x4726,882.43475
0x1f10,652.96075
0x3962,841.84985
0x4862,828.37573
0xfcc,961.126
0x10c1,647.7051
0x48f3,857.05145
0xb65,587.332
0x2f57,879.8308
0x1f33,791.22784
0x48d4,807.4796
0x45b9,912.6684
0x489d,580.1873
0x4c5f,616.44666
0x197b,855.5433
0x295d,600.62317
0x470f,912.6684
0x3947,814.4638
0x1097,735.2927
0x1953,757.50134
0x25ce,809.7367
0xa45,679.7722
0x4df0,811.49286
0xb97,624.99713
0x23e6,901.45905
0x47cc,580.1873
0x470a,752.80963
0x7ba,710.0052
0x4024,1021.3912
0x4ec4,776.0175
0x333c,554.0929
0x2e4d,939.39496
0x3e5c,619.921
0x4e25,1106.0696
0x2d68,915.4251
0x145c,485.09094
0x428a,1064.5593
0x3f99,925.312
0x415c,375.29697
0x8aa,807.40454
0x3be0,656.84515
0x40ca,548.75287
0x46b3,682.81036
0x230e,895.93274
0x9aa,586.3094
0x29df,1119.5676
0x22d7,806.6036
0x171b,588.44617
0x216d,738.81415
0x1047,719.4269
0x3b70,999.0123
0x1283,882.50397
0x927,708.84607
0x365a,1007.3145
0x417c,624.40344
0x46a7,683.2376
0x30cd,723.9744
0x3b7c,963.651
0xe81,733.88605
0x1a7e,764.6292
0x898,1037.8976
0x4dcf,484.38474
0xbd6,719.2881
0x2baa,1076.5664
0x1c71,1034.0703
0x3057,1021.7311
0x289e,951.41315
0x4ceb,780.7053
0x10f4,866.924
0x2eba,639.2372
0x267d,864.3982
0x1b7e,491.59174
0x24bb,968.6097
0x26f9,602.8329
0x3af3,951.52856
0x134c,1037.0278
0x308c,736.4514
0x2c7b,923.8979
0x4e0,917.7797
0x4755,937.5048
0x95d,1047.9884
0x41ef,616.6614
0x2eb0,1088.117
0x395c,1010.9229
0x4fb2,1008.2186
0x1865,761.51056
0x1f01,835.1264
0x84c,665.7662
0x2192,676.4999
0x23df,562.55273
0x1ebf,810.2767
0x4165,575.5647
0x12d0,748.1931
0x44cf,654.04016
0x4781,729.7258
0x474a,765.9461
0x45e4,880.1401
0x3e82,595.1653
0x4160,970.6625
0x423,600.0438
0x30df,559.1057
0x34ea,759.73425
0x165b,529.3042
0x111b,822.2571
0x4bab,550.8022
0x2265,624.99713
0x3f3a,545.42413
0x31cd,1112.7244
0x3f9e,836.6884
0xcd9,781.1538
0x3b9e,560.3439
0x4d37,525.05396
0x4a71,725.15704
0x4620,666.7271
0x3adb,774.86017
0x3261,601.46265
0xfe8,685.54065
0x39ca,667.4729
0x3c6e,806.6563
0x15ad,465.2453
0x1b21,810.2322
0x21e7,846.8858
0x3120,614.06305
0x2037,910.23694
0x13c0,781.19073
0x4386,1244.9396
0xb12,723.86914
0x27b6,869.7435
0x1fd5,880.27704
0x3e4d,957.67566
0x3c0a,714.8879
0x15cc,681.99384
0x3405,649.8654
0x407e,620.4094
0x263e,1117.418
0x2aad,627.1579
0x1459,692.4874
0x1d77,866.0847
0x515c,540.31555
0x2ea1,496.50494
0x2369,541.16644
0x4b44,566.63446
0x3cd4,712.43243
0x47bc,467.94403
0x14cd,863.02686
0xb92,375.29697
0x2deb,886.10004
0x2ab3,566.4947
0x29ef,760.0303
0x368e,481.70178
0x1967,1003.2908
0x22fa,801.5809
0x409d,697.2113
0x4385,924.48016
0x1a35,792.3467
0x3ef0,653.0035
0x268c,767.3115
0x40cb,711.1621
0x4529,1286.7797
0x50f1,881.021
0x28d1,854.1937
0x18d9,901.11664
0x3dcc,1197.1982
0x667,491.91135
0x4ff1,987.90515
0x40d5,1197.019
0x2674,931.91974
0x1862,1220.3568
0x12c9,498.04355
0x1810,756.46924
0x6aa,580.1873
0x2775,986.58514
0x105e,780.73004
0x956,602.1825
0x1bc3,1360.5929
0x4532,560.04114
0x41b7,1263.5835
0x2e1f,521.9714
0x33c4,440.24893
0x51c9,694.28723
0x483f,841.3364
0x3084,840.8733
0x2f63,1137.4197
0x4230,688.02094
0x3482,697.367
0x32eb,654.8572
0x3aa1,739.6583
0x4ea4,625.07623
0x4826,1025.893
0x80f,518.8191
0x4d0e,826.407
0x4a34,622.1063
0x14f7,654.99713
0x478,786.12836
0x49b3,947.3057
0x2d93,714.312
0xfee,865.9515
0x48c0,916.6325
0x9d4,909.46906
0x2c44,908.36334
0x3d34,523.0257
0x442e,929.33417
0x2094,595.2711
0xf01,375.29697
0x3c1b,560.3439
0x535,751.4592
0xd90,755.3647
0x4f58,554.6235
0x856,1360.5929
0x1607,464.71066
0x492c,669.8814
0x2275,850.7624
0x41e5,893.6479
0x42f3,1010.5416
0x15dc,1055.0989
0x1099,883.098
0x2c40,921.65283
0x464f,778.65643
0x2910,802.09827
0x17c4,710.5661
0x258b,624.30695
0x3334,747.08966
0x309d,777.2699
0x476e,708.01526
0x4014,755.95233
0x1c45,1054.9634
0x4771,1108.0449
0x758,794.6313
0x1bd7,712.43243
0x4388,688.04205
0x120e,673.9476
0x38fc,809.89825
0xa20,669.40265
0xddc,889.6216
0x122b,1131.2437
0x94b,864.3982
0x2eb7,705.39185
0x11a8,1102.6324
0x3168,486.31915
0x2a74,1082.697
0x3fe4,841.9089
0x722,982.16833
0x4656,807.4796
0x22d4,609.1762
0x3e37,1119.8993
0x346f,723.07526
0x2bd2,1052.5518
0xa6b,948.10315
0x45c7,419.1688
0x2344,596.3844
0x40a6,636.426
0x45bf,680.61304
0xead,821.92804
0x43e0,676.95825
0x2c35,503.75626
0x4f19,541.16644
0x2827,767.4647
0x13f1,637.57526
0x2d52,683.47144
0xb56,835.2669
0x3c34,702.2017
0x22b4,679.16376
0x1df9,935.1971
0xf4b,913.7851
0x2ba1,770.5101
0x3555,719.2881
0x1fe7,624.3412
0x4e82,1112.7244
0x48dc,1161.4235
0x870,853.00323
0xc6f,548.2623
0x3918,1112.3848
0x2774,761.93506
0x26f4,811.13055
0x1610,692.5202
0x20f9,838.0119
0x3a6c,757.8294
0x4ba7,728.0591
0x46e5,1101.6198
0xfce,882.29974
0x3bbf,1078.7235
0x212c,795.2034
0x7a5,559.7063
0x4527,1263.5835
0x36fb,634.2506
0x45cb,1183.4796
0x75a,917.4311
0x33f0,722.99786
0x50a2,601.1239
0x454e,757.8294
0x4044,836.6983
0x177f,624.99615
0x3307,756.1825
0xe03,693.4988
0x12b0,782.0135
0xa6a,567.3858
0x2795,726.3421
0xd88,703.2944
0x113e,700.56494
0x25c5,485.15778
0x3c51,765.1754
0x3052,882.8938
0x27a7,811.20807
0x250f,375.29697
0x2574,503.75626
0x3136,777.79456
0x509b,729.41736
0x416d,912.80115
0x5206,829.06604
0x5ce,751.8185
0xe84,778.67175
0x181b,938.73914
0x2799,573.6795
0x362b,852.3644
0x2890,673.5252
0xfab,912.7921
0x4466,909.5479
0x360b,740.6244
0x4114,773.28845
0x344d,624.0442
0x4d8,839.3516
0xce1,1063.2167
0xeac,637.24567
0x14e5,921.7358
0x40a0,912.19135
0xdc2,983.4189
0x5089,788.2032
0x38da,796.6541
0xd8a,884.8004
0x39ba,697.4599
0x888,474.85782
0xb90,427.00253
0x4eb4,716.8244
0xd69,846.81384
0x4831,696.189
0x73b,662.33984
0x2e90,780.46484
0x16aa,929.33417
0x2e37,918.6686
0x287e,811.267
0x1d84,895.0221
0x4200,614.94366
0x492d,729.41736
0x1cf3,606.42505
0x40a4,786.12836
0x4abc,577.7974
0x17e7,836.2492
0x3b53,502.22437
0x1699,697.367
0x4b5a,793.1676
0x4e62,856.9146
0x469f,687.5822
0x24c5,680.0441
0x2b87,944.6542
0x398d,798.82385
0x107b,1064.4644
0xd56,993.71545
0xf03,711.4479
0x3372,652.96075
0x4012,838.9821
0x155e,1015.0236
0x4ea5,1096.7843
0x2838,722.69385
0x1ad7,601.2246
0x3cf5,470.71512
0x51df,1064.5593
0x4eea,827.12775
0x2815,1135.2078
0x2b5f,743.38684
0x35cc,1184.7083
0x255c,680.8169
0xba9,776.0929
0x306b,664.4212
0x1754,856.6508
0x2793,697.2113
0x3d70,679.50055
0x1719,647.7051
0x39d6,632.1376
0x32b3,1112.5914
0x328b,761.51056
0x4f37,439.89752
0x1c01,601.8092
0x3114,580.0584
0xdba,728.0591
0x2bd8,1046.1556
0x4a67,758.11505
0x420,756.6228
0xa5d,855.43994
0x479d,728.95624
0x4e4f,951.9238
0x2bd6,911.85895
0x31b3,852.3644
0x2548,632.92145
0x6cc,796.32806
0x3bfc,679.08386
0x1dfa,919.70026
0xffc,665.5766
0x2fd8,744.7926
0x35b9,753.8068
0x2a92,666.52203
0x5a1,901.11664
0x2a0a,770.73
0x3d64,774.86017
0x1ffe,811.8222
0x3c6a,656.02216
0xcf7,754.4485
0x2c0a,693.4988
0x44f9,856.3843
0x48e2,831.00354
0x2b95,1027.4286
0xf77,1110.1237
0x2d30,782.93787
0x2fd1,710.9157
0x4075,665.1013
0x10b8,759.3904
0x2760,686.9791
0x3d86,803.6887
0x20bb,685.7034
0x1de4,965.9215
0x5129,779.1027
0x206b,773.28845
0x3d04,819.94214
0x4ca,558.4963
0x4c06,757.8294
0x51c,686.59753
0x2e48,830.1222
0xc1d,469.726
0x1142,1360.5929
0x1636,814.45874
0xd99,952.50934
0x2603,484.4903
0x47d4,781.6309
0xbc8,701.0396
0x49e5,1195.0251
0x33aa,877.5555
0x32a1,915.73474
0x2b9f,904.0433
0x486,879.8308
0x23c8,1034.3159
0x356b,597.0209
0x12d8,558.215
0x4ad6,828.3442
0x38b2,811.09375
0x2c6b,778.48145
0xf2c,838.6422
0x4654,577.1609
0x4801,1128.6227
0x3713,1036.1133
0x24e1,839.04114
0x4b80,863.8949
0x1cf7,619.6147
0x4fe1,903.4548
0x2db7,788.45135
0x2596,702.2017
0x2243,1112.5914
0xe27,677.96564
0x194d,669.75726
0x4875,697.367
0x23a7,945.8503
0x432a,776.6225
0x2397,715.08704
0x270e,1082.5933
0xecc,1068.0455
0x4551,1061.3447
0x119a,780.7053
0x1813,497.9569
0x3e84,1106.0485
0x51b5,744.59064
0x26e1,856.10004
0x2755,824.51385
0x2bf4,734.78467
0x5189,713.13965
0x3178,480.0354
0x1861,566.63446
0x17c9,491.24387
0x1799,636.47217
0x372f,950.8162
0x237c,1132.2305
0x3e6f,426.85394
0x9b2,688.7564
0x16ae,654.68976
0x2aca,921.68933
0x11e6,983.82465
0x3166,472.72806
0x4436,1199.5508
0x15cf,464.71066
0x3452,592.89197
0x29c1,1014.86664
0xaaa,625.07623
0x4802,1010.9229
0x380c,624.30896
0x49c,575.3008
0x4d27,443.7599
0x44ba,535.5078
0x4e7b,776.583
0x12e5,1043.7313
0x2d6f,987.2782
0xc99,741.77094
0x1740,532.5409
0x462b,717.4846
0x3ab7,771.4134
0x20f7,1360.5929
0xfdb,759.05304
0x2976,675.8372
0x3da4,697.367
0x1203,705.0752
0x4593,616.6614
0x980,1015.0027
0x36a5,711.82086
0x3b09,910.4681
0x371a,994.02704
0x2fb6,808.1522
0x4084,705.85535
0x34e3,739.7979
0xfaa,569.7948
0x28d3,712.2277
0x3919,615.1584
0x28ff,622.43164
0x3180,931.2262
0x3e81,497.83377
0x1eab,558.5008
0x454,635.246
0x1a3e,694.28723
0x3eb7,674.39795
0x1dac,1189.6418
0x233f,862.867
0x16e5,914.1204
0x4f98,894.5946
0x2ed1,951.9625
0x2a3c,439.61264
0xa2d,649.8426
0x2b13,600.62317
0x3418,1045.2308
0x2400,624.99713
0x2a89,796.2441
0x14c0,1049.4897
0x1daf,639.4845
0x1d91,844.0553
0x1ef6,894.9427
0x4bc3,1001.43475
0x4104,855.0902
0x28b7,912.3075
0x4cf4,786.12836
0xc6a,585.36066
0x1e50,694.28723
0x268b,1076.1573
0xd38,812.4879
0x2c36,794.5283
0x23f7,1027.4998
0x37aa,1010.9229
0xe5d,712.2277
0x439c,669.21454
0x263a,641.27625
0xaeb,1103.3928
0x44a4,580.0584
0xff0,911.70966
0x4806,736.14185
0x434b,651.45667
0x1756,796.55853
0x3b4f,719.8422
0x4629,375.29697
0xa97,722.99786
0x795,839.04114
0x12ce,937.16437
0x49cb,677.3899
0x451c,747.08966
0x26c6,990.36035
0x2ca9,558.16595
0x855,585.87933
0x378c,635.0034
0x26a4,780.73004
0x1d6f,865.9515
0x39a2,1029.0009
0x9db,785.4196
0x35c0,602.1825
0x2e68,854.58856
0x4b53,949.2543
0x4d59,707.80524
0xa63,866.4494
0x3ec1,738.0962
0x34e2,726.30975
0x3c75,767.61096
0x1cb6,951.38293
0x1e4f,1199.5508
0x26d1,1037.9578
0x33c0,464.47012
0x26ca,973.17725
0x159c,951.9238
0x947,866.0847
0x14d1,873.5976
0xe47,917.4311
0x6ae,885.3845
0x4a01,1003.2908
0x10af,700.4991
0x24a8,806.89417
0x4d5d,710.7326
0x20a0,623.71625
0x336c,604.4761
0x234d,535.27466
0x3597,669.4067
0x4a6d,852.7367
0x5a9,979.53925
0x7ce,775.4004
0x128a,865.9515
0x1de9,950.01733
0x2383,652.78534
0x3942,803.64575
0x2718,813.3963
0x4ac8,767.85144
0xc20,827.5955
0x4a6e,654.49756
0x4a70,935.4773
0x1637,983.8817
0x43e1,693.36285
0x3a46,716.8244
0x450a,506.53772
0x37f1,442.59283
0x45e7,880.0201
0x3ddc,566.4947
0x22f8,920.2207
0x4da,485.15778
0xd98,1199.5508
0x3bca,670.5015
0x4d0f,561.5219
0x17c3,938.73914
0x40e4,1128.8157
0x1982,779.18536
0x489c,716.0203
0x2bed,1128.6227
0x3635,935.4773
0x5d5,1179.851
0x337c,711.82086
0x26b7,681.2189
0x4040,713.45245
0x1ca5,844.03186
0x1825,733.57684
0x11e7,965.482
0x32b4,955.90796
0x3d03,616.44666
0x2dda,623.71625
0x74c,961.126
0x4e9f,634.2107
0x43d8,525.58466
0x221d,710.0052
0x4ac3,798.3074
0x4247,787.5638
0x2484,745.06793
0x3ad2,819.1727
0x1176,924.48016
0x282c,794.3049
0x2438,855.43994
0x2ec1,758.34973
0x2662,1009.0008
0x1882,601.46265
0x15f5,939.39496
0x2964,1017.7052
0x3923,1017.1984
0x2dd0,713.45245
0x45d,845.42865
0x1b3a,784.3917
0x4d17,846.5473
0x469b,828.7227
0x3032,893.0819
0x4c5a,498.94894
0x445a,541.61017
0x3195,568.87366
0x436a,585.87933
0x12cf,821.92804
0x18be,760.0303
0x79a,991.9912
0xf5f,831.2563
0x3e0f,1085.5248
0x3268,745.3569
0x4017,780.7053
0x3ab8,815.406
0x1128,1078.6104
0x2bae,855.0902
0x521,806.254
0x4581,1023.6781
0x10de,770.5101
0x2120,771.78973
0x244d,748.6334
0x4b25,676.1921
0x11a9,545.1851
0xed5,657.18353
0x2c43,927.34515
0x365f,688.7564
0x1e8e,524.67676
0x3093,795.4213
0xecd,697.367
0x1f18,946.0888
0x5071,580.0344
0x6e2,939.22327
0x83b,821.92804
0x300c,907.0755
0x4d55,854.82367
0x4970,691.0495
0x444,912.7077
0x2caa,601.7384
0x4f39,472.6042
0x4f0b,675.7772
0x48a3,711.82086
0x11f0,982.9758
0xb68,1360.5929
0x1a57,667.6184
0x1aa8,872.953
0x1e5e,636.2887
0x1c8b,831.60944
0x992,995.06464
0x3286,1011.83215
0x1ac8,687.30804
0xadc,837.9141
0x35ad,824.51385
0x303f,979.3783
0x2cc9,572.93616
0x4779,795.5457
0x3eaa,491.8445
0x2854,561.5219
0x137e,698.58405
0x2c50,1128.8157
0x477e,375.29697
0x268f,744.7926
0xf7f,644.05023
0x1486,884.8004
0x2c2b,853.00323
0xe44,707.07184
0x2c80,814.3705
0x14cb,572.2178
0x4670,677.76666
0x429,1102.6262
0x4acb,1017.1984
0x41ca,876.5357
0x3d59,1080.1049
0x304a,824.51385
0x3943,712.2277
0x1d41,697.37866
0x25e2,833.5752
0x2796,921.8444
0x1707,524.67676
0x1433,1220.3568
0x2746,936.54144
0x4f4f,580.1873
0x2d33,474.6026
0x2264,441.51175
0x11b4,1115.4856
0x4d25,834.6244
0x34f9,447.2224
0x31a8,641.32886
0xbf5,739.6583
0x70b,942.2959
0x3336,879.86224
0x27c9,482.9477
0xfcf,580.0584
0x4ec0,566.9616
0x12ec,1003.09753
0x30b0,965.9215
0x4e9e,575.5647
0x2924,965.9215
0x3b47,1004.05707
0x397c,1133.911
0x11eb,921.7358
0x1199,465.2453
0x127f,664.03656
0x3140,697.37866
0x4f4e,688.632
0x4537,761.93506
0x436,584.1976
0x852,794.38586
0x3864,673.6835
0x4438,882.43475
0x1757,718.02435
0x2fa3,1004.28375
0x258a,669.28577
0x34ec,780.7053
0x4dd8,656.57776
0x31b5,624.06396
0x27d7,984.4852
0x2ccb,780.7053
0x38a3,601.46265
0x51b9,597.0209
0x3622,807.62006
0x4fae,817.8567
0x3cfd,455.09732
0x2a23,712.2277
0x504e,532.30615
0xb94,558.5008
0x93f,664.9864
0x2da8,725.9304
0x28ba,556.77704
0x4a2b,740.6244
0xc1c,742.93384
0x4955,723.9818
0x16fe,756.6228
0x12b4,853.2777
0x3288,635.3863
0x40e3,748.7048
0x27e9,1022.5043
0x4ad9,579.62836
0xd7a,903.4548
0x149e,938.3122
0x65e,737.55444
0x2f2e,711.82086
0x2dc2,879.8308
0x413,580.1873
0x1c28,982.7829
0x23da,706.7506
0x229e,782.0135
0x38b9,936.67206
0x3a23,522.9553
0x4bcb,917.805
0xfea,737.44763
0x30f0,616.44666
0x120f,905.26874
0x16bc,739.51373
0x2cbb,620.199
0x3441,825.1926
0x1e7d,1161.4235
0x484d,855.0896
0x25f1,895.34863
0xcb5,909.0516
0x47e5,878.1174
0x44e2,1078.6104
0x4ded,1195.0251
0x4d04,566.3658
0x515d,1022.5043
0x1a06,951.13544
0x3748,874.80347
0x188a,769.9781
0xe05,1103.7689
0x4f57,690.4784
0x66e,731.9738
0x1a61,616.44666
0x6a2,561.5219
0x4065,807.8013
0x12c3,865.8542
0x289f,666.43085
0x4815,673.32837
0x18aa,539.89386
0x4cbf,519.8989
0xe08,700.91187
0x41dd,1102.6262
0x3695,692.72644
0x166f,826.5939
0x3866,677.7633
0x1f0f,951.8079
0x4328,566.4947
0x2c68,809.0731
0x3217,1183.4796
0x4193,790.7457
0xc55,667.5687
0xa04,963.651
0x4eb5,605.253
0x43af,780.46484
0x7d2,1213.3059
0x2da0,965.5535
0x196e,768.5682
0x372d,1068.0455
0x3bd2,753.64325
0x477b,712.3762
0x40aa,550.6492
0xec0,1040.5115
0x4762,1098.6201
0x3a2c,701.0396
0x5077,841.9089
0x222e,1137.9227
0x18ab,448.4322
0x4af,421.56778
0x3513,828.5767
0x2747,856.7849
0x159a,813.9363
0x4d7f,619.7433
0x11ee,618.67175
0x2e96,1118.5756
0x1546,789.97
0x43db,725.6372
0x13a6,1011.83215
0x1baa,597.0355
0x3283,997.963
0x4bca,938.3122
0x2fba,622.0165
0x47ef,742.33167
0x30d9,533.9619
0x43e2,782.0135
0x9ea,651.86334
0xd66,1006.05066
0x4709,755.07904
0x3245,857.1039
0x156a,830.2738
0x2546,554.96814
0x107e,830.1222
0x4af6,807.0768
0x6e0,541.22626
0xade,741.708
0x1424,503.5414
0x2136,561.50806
0x4d5c,880.1401
0x4f30,821.92804
0x251c,1059.309
0x1cd3,894.78076
0x3da7,623.94507
0x5103,668.1102
0x3151,622.43164
0x2364,573.17505
0x5184,1006.05066
0xe1d,817.94403
0x2edf,986.9615
0x3a20,1062.257
0x3625,794.26855
0x4e5d,691.65265
0xd4c,1047.9884
0x2d5a,1075.1241
0x5190,636.405
0x32fd,691.25055
0x2537,565.7609
0x4c6d,653.91425
0x2a4d,616.44666
0x3349,562.55273
0x252b,856.9146
0xc49,966.01904
0x1d19,866.4494
0x4837,839.3516
0x3ccd,1154.9595
0x2d15,855.0902
0x122e,805.8917
0x51e9,705.3419
0x14b1,691.27924
0x331b,881.88007
0xeda,669.38885
0x1df8,723.713
0xd96,1015.9168
0x4cae,922.5837
0x821,482.36926
0xf76,624.7896
0x41cb,1010.9229
0x17c2,677.90656
0x4b49,936.10144
0x4300,633.1121
0x2fcd,813.21387
0xb4f,780.73004
0x8c3,609.1762
0x240e,856.6998
0x634,529.08234
0x4eab,794.3049
0x4ab2,1133.911
0x3f45,728.0591
0x2069,856.6998
0x27bb,635.4305
0x1cdf,738.81415
0x10e9,375.29697
0x1ec9,830.1222
0x3956,857.9797
0x4dee,825.6145
0x41f1,509.73163
0x3e49,1015.9168
0x3692,1093.1948
0x15fe,773.28845
0x1875,739.0503
0x3ce9,1183.4796
0x117b,936.54144
0x31a6,490.1238
0x2d80,1046.7969
0x7f5,826.5158
0x2f24,822.2571
0x41f,981.1276
0x125e,776.6225
0xb77,808.8388
0x2507,909.65283
0x8ff,906.16437
0xbaa,854.45197
0x33a5,442.59283
0x5007,733.051
0x2d0d,813.21387
0x675,701.84686
0x3bf8,707.42224
0xacd,1087.7955
0xcd4,597.0209
0x210c,763.9184
0x2770,770.0532
0x502f,869.9248
0x1c35,442.59283
0x10f3,966.01904
0x38fd,441.51175
0x1ead,532.30615
0x2e3b,490.7913
0x209c,813.4841
0xf7e,579.6044
0x239b,780.7053
0x3e56,780.7053
0x2d84,600.62317
0x4d6b,1060.304
0x3412,483.9148
0x8b6,1056.8065
0x3f1c,659.6995
0x4796,655.9647
0x158e,778.48145
0x3da8,544.5877
0x3c54,733.57684
0x1216,824.15436
0x2063,561.50806
0x295a,960.3099
0x49f2,721.10706
0x14bf,517.90814
0x1fc5,770.5726
0x11b0,677.3958
0xe94,573.17505
0x309e,1056.4537
0x564,856.3843
0x148f,838.0829
0x3def,678.305
0x193c,898.24927
0x22a3,856.7849
0x460e,941.4168
0x1ee2,824.51385
0x48f2,768.5231
0x4bb5,654.0319
0x352a,715.70337
0x4ae6,527.6226
0x3394,1047.6484
0x290d,866.04877
0x3ef2,866.23804
0x2e7e,914.3706
0x3feb,633.1745
0x88a,1064.5593
0x1b10,822.74164
0xf12,736.14185
0x4d8c,471.31686
0x32f1,1006.05066
0xccd,913.7851
0x3a37,994.69385
0x4034,809.9409
0x9af,725.67
0x4552,987.2782
0x33f5,658.9267
0x74a,448.4322
0x15f2,855.8197
0x3f2c,616.5026
0x36b1,448.4322
0x2a87,982.7829
0x377e,588.44617
0x22eb,703.4623
0x164d,894.86633
0x39e3,779.2248
0x31af,1106.7457
0xb04,467.94403
0xaef,766.0662
0x261c,839.22534
0x4ef3,746.74304
0x4322,851.8265
0x3e78,987.2064
0x1616,551.8127
0x1f4e,995.52814
0x43c5,780.68115
0x454d,693.6806
0x4e18,764.07196
0x1e29,910.5041
0x3663,999.70984
0x37de,763.9184
0xd08,586.3094
0x7b8,717.0254
0x12d1,1092.7294
0x3f87,1011.83215
0x2b34,596.958
0x375e,592.89197
0x9e0,796.1701
0x3fa1,829.43024
0x3a24,487.84525
0x5163,777.79456
0x3107,636.3884
0x312b,616.8533
0x479c,623.2621
0x5ba,1197.019
0x3832,662.05975
0x25c4,910.7352
0xff1,976.7952
0x22ef,672.62115
0x3487,920.36334
0x17fd,827.55054
0x6fb,910.40314
0x4cb2,1078.7235
0xe8a,851.8265
0x1044,1093.4349
0x7fb,905.26874
0x4f56,912.6684
0x1e1f,643.5628
0x30a6,440.24893
0x512a,824.3675
0x42f8,930.91797
0xe9f,644.9837
0x2684,625.61334
0x1869,1047.9884
0x2728,829.36224
0x3752,743.4099
0x159d,930.5455
0x3370,987.2782
0x23ea,734.4935
0x6f0,565.33496
0x3201,852.5719
0x2860,882.8263
0x4e5,903.3766
0x804,538.50665
0x46c,566.3658
0x351d,868.6034
0xd42,1024.8618
0xa1e,848.43274
0x371f,920.36334
0x4f33,1105.6882
0x236c,941.9091
0x2424,806.2538
0x12d6,939.18787
0x1bf8,885.10474
0x41ff,963.651
0x45c5,779.48676
0x461c,841.07654
0x18f1,753.0849
0x472b,999.9199
0x249f,889.2966
0x158d,507.33377
0x29ab,982.16833
0x2e0e,778.40265
0xb02,814.2794
0x3aae,482.30243
0x2695,931.2262
0x4b82,1007.3145
0x3e01,945.5375
0xaba,616.7546
0x21bd,824.0058
0xa6c,1187.9121
0x289d,636.61053
0x25a0,941.9091
0x4035,512.885
0x3f82,841.9089
0x1a79,703.44946
0x36bd,805.84204
0x1fb4,853.40015
0x22dc,658.1769
0x589,713.45245
0x444a,808.5749
0xbef,702.8734
0x20f2,732.4164
0x2a26,724.2453
0x3ad0,700.01013
0x141c,919.7639
0x3707,761.2249
0x4eff,721.9942
0x20d3,800.1039
0x1bd5,691.99225
0x5200,987.90515
0x497c,601.46265
0x32a8,455.09732
0x5090,893.27167
0x4ca1,894.16095
0x419a,855.43994
0x4e1a,560.04114
0x2e47,426.85394
0x440f,915.38635
0xddb,1015.9168
0x2d1e,885.4073
0x2d1d,883.098
0x222a,742.72
0x3721,785.40247
0x26f1,779.38745
0x1e8c,852.6309
0x4b7d,738.0962
0x51a1,819.94214
0x3a34,602.6703
0x45c0,653.74426
0x3031,1080.1049
0x3cbf,910.361
0x4b8e,697.42737
0x655,1197.1982
0x421b,1189.6418
0x1258,840.59705
0x1999,941.9091
0x3d2e,808.1522
0x29e8,642.6627
0x43bc,1085.6139
0x3751,931.91974
0x3dd5,807.6592
0x5032,895.0221
0x4854,986.7385
0x2700,718.02435
0x1d56,494.18802
0x3544,638.29785
0x40b1,989.9635
0x4ee2,863.02686
0x35d8,375.29697
0x439f,675.8372
0x3a7a,640.63367
0x3731,1179.851
0x1648,723.7655
0x177d,894.86633
0xa96,1161.4235
0x4242,712.2277
0x4de8,785.4016
0x4c33,548.14526
0x3b3f,745.3084
0x20fd,449.69827
0x4003,888.44147
0x4fe6,779.2248
0x1bec,491.24387
0x4d0c,914.204
0x2bcc,604.463
0x1fba,1048.255
0x4f85,855.1734
0x1c2b,555.83
0x1f13,923.94635
0xf59,908.76404
0x29d7,788.2032
0x16c2,637.48035
0x1adc,923.8979
0x220c,1007.3145
0x4073,1060.304
0x1e57,1029.0416
0x2fd4,729.7258
0x1685,785.194
0x2607,912.6684
0x4cf8,777.2699
0x40d,670.4616
0x6a3,885.3845
0x36b9,829.1559
0x20bd,832.3996
0x284d,1027.4998
0x751,499.05157
0x1b14,593.4133
0x1af0,984.68024
0x12c7,692.4874
0x1b38,733.88605
0x1ed1,780.73004
0x2ab0,1024.8618
0x251d,912.8045
0x236d,1087.1974
0xc01,592.89197
0x512d,530.69244
0x2b00,1007.10443
0x32c9,1093.1948
0x482f,807.13464
0x106a,845.49744
0x1eea,852.5719
0x1183,795.2034
0x2034,580.1873
0x26d4,464.71066
0x513a,643.5628
0x37ab,869.9248
0x2aeb,737.55444
0x3b44,1087.8788
0x21b6,623.20966
0x1554,624.5318
0x3134,443.7599
0x316e,823.4822
0x640,644.9837
0x4a35,879.8308
0x1752,757.0558
0x3066,1193.2589
0x818,503.56003
0x3fa,837.80536
0x4edb,829.69055
0x40c1,983.68805
0x1630,834.8421
0x2a2c,1286.7797
0x11ca,580.0584
0x5010,642.6544
0xe58,1068.0455
0x5b0,526.58856
0x2555,813.57874
0x21e8,620.0172
0x1b68,623.7505
0x4e1b,882.43475
0x3f46,700.6923
0x583,753.439
0x34fc,1010.5416
0x4443,1010.9229
0xc57,972.95245
0x2a9e,983.8817
0x297a,949.75616
0x44f8,655.9931
0x2faa,662.59576
0x4701,777.938
0x1efe,780.73004
0x700,773.61005
0x274e,723.9513
0x418c,803.20135
0x3d7c,580.28687
0x3645,557.62915
0x4286,698.58405
0x1cfe,1025.8698
0x65d,834.6244
0x11e3,742.7868
0x98a,778.69543
0x2ef2,917.7797
0x1c51,700.27045
0x3ecd,671.3886
0x17c6,864.7988
0x45b1,894.16095
0x42f1,694.54095
0x5034,910.1299
0x1920,705.0752
0x37a5,1127.8838
0x414d,1105.6882
0x3ae2,1117.418
0x28a9,499.56717
0x3365,792.7059
0x2bdb,767.27954
0x21cf,544.01526
0x1b81,806.08954
0x2017,549.2508
0x16f8,587.0148
0x1450,760.05475
0x139d,941.84503
0xb9d,970.6625
0x3cb8,915.38635
0x2f4f,855.1734
0x3b31,548.7027
0x63a,585.87933
0x1cc6,1015.82605
0x4ed,779.9513
0x1f3e,807.26215
0x19f8,945.2806
0x27b5,443.47806
0x404d,511.2941
0x18ff,465.2453
0x25b6,809.08093
0x3eb2,561.1802
0x1b6d,914.1204
0x17fa,674.35486
0x434d,877.88293
0x2680,908.94745
0x3d57,586.3094
0x1afe,557.1637
0x1bf9,829.69055
0x3ed2,786.9511
0x22bf,581.4286
0x3ade,705.4397
0x299b,556.6106
0x2d87,906.16437
0x12fa,841.84985
0xec7,917.81683
0x51fb,640.6534
0x3e65,1286.7797
0x2009,653.85406
0x37b5,856.1464
0x1557,624.0442
0x35bf,914.349
0x1220,699.8624
0x487,996.3609
0x1154,917.805
0x4f15,669.7804
0x452c,670.3822
0x1a77,905.26874
0x51a6,443.17743
0x1502,771.78973
0x1615,690.24805
0x2ec5,592.3204
0x45ef,470.78223
0x4f1b,653.13873
0x1888,748.3225
0x3e1c,918.6686
0x23d9,853.00323
0x3492,706.02094
0x50e6,656.97516
0x337a,786.54803
0x3857,719.985
0x2d06,1197.019
0x43fe,866.04877
0x3562,864.6774
0x22bb,442.59283
0x3c22,635.4305
0x2ee2,677.7275
0x449a,672.3508
0x2952,1061.3447
0x489b,575.5726
0x29e7,786.9511
0x19c3,872.1702
0x1ae1,780.46484
0xcdc,653.8736
0x1840,625.42236
0x3c18,496.50494
0x1613,894.86633
0x1f28,908.29083
0x46d7,654.7831
0x275e,764.74884
0x185a,951.9238
0x2c2d,649.1709
0x51dd,1193.2589
0x15ec,677.40784
0x4e19,1029.5806
0x1c76,777.79456
0x291f,475.29422
0x3475,708.84607
0x47f7,824.4541
0x1fe4,917.55634
0x46b1,633.8678
0x39e5,724.5205
0x33a4,701.23413
0xef6,770.5726
0x30c5,976.7516
0x2a0e,756.90845
0x14d0,758.2524
0x2287,748.6334
0x480c,845.49744
0x2515,931.6397
0xe3e,829.25604
0x249a,706.0816
0x4f00,550.6492
0x425f,828.41614
0xa78,616.44666
0x34f4,573.17505
0x3ab0,595.1653
0x26ad,606.9
0x1842,489.889
0x24c9,981.7482
0x10d9,802.09827
0x50c6,755.94977
0x4ecb,671.9109
0x40ad,543.3724
0x3b10,616.6614
0x3ed1,1085.5248
0x2a88,953.1098
0x4f71,635.2018
0x31c6,625.88226
0x3d20,736.8365
0x4eda,1033.8622
0x462a,1000.6093
0x3c29,782.0135
0x1314,705.4397
0xb16,1059.676
0x4975,559.7428
0x42ba,855.1734
0x3e8c,445.69632
0x44f5,1132.9307
0x4fe5,1023.906
0x5ee,596.5768
0x16e4,999.3742
0x18b6,895.0221
0x2754,794.28644
0x2b2e,921.1486
0x43cb,561.50806
0x4e60,879.86224
0xc1a,983.8817
0x3329,881.623
0x4e26,759.73425
0x3c2f,490.36484
0x22dd,916.847
0x43be,779.1027
0x489f,578.5712
0x3d9f,587.0148
0x28ee,508.5687
0x4d49,628.1441
0x2363,790.69586
0x6ac,941.9091
0x3328,780.905
0x3ec3,569.02094
0x4880,814.7477
0x50a,764.84265
0x164f,658.0129
0x2ad5,695.4501
0x1c1e,815.2548
0x344a,824.51385
0x21d1,496.50494
0x197f,669.28577
0x2160,856.6508
0x1ee4,931.91974
0x274c,764.07196
0xaf7,1005.03516
0x3512,868.1812
0x4d97,810.31256
0x3ffe,751.4592
0x420c,853.00323
0x3d2b,1128.6227
0x18a0,912.97205
0x4431,686.23334
0xba8,725.50336
0x59e,772.09015
0x17c7,717.8785
0x4610,962.3159
0x2c6a,798.00055
0x19af,679.2738
0x2798,642.14453
0x18ed,627.2729
0x32c3,924.1892
0x3e4a,739.11163
0x13a1,621.4658
0x32c6,756.9897
0x3b96,498.94894
0x2696,465.2453
0x152c,700.35187
0x1d79,616.44666
0x2fa6,773.61005
0x94c,806.25854
0xfdc,824.6578
0x43bb,656.2087
0x86d,757.3425
0x4dd2,772.77704
0x2014,851.551
0x20a3,830.889
0x2592,983.18866
0x4ed7,1057.1892
0x4983,654.31525
0x2072,655.98425
0x1a45,912.3075
0x20f0,836.2492
0x50b6,677.45703
0x1170,923.8979
0x415f,529.3042
0x2643,713.7764
0x3e43,565.4229
0x2afa,775.3377
0xdad,987.69965
0x2893,916.3628
0x172e,1078.7235
0x4e8d,706.5296
0x3fdd,901.45905
0xf06,995.52814
0xc66,560.3439
0x21ba,561.15875
0x1f25,538.35925
0x4208,654.31525
0x2e56,703.60565
0x125c,652.95044
0xdff,916.30884
0x2258,1023.86096
0x4cdd,741.49255
0x3426,807.0768
0xe21,822.74164
0x437,894.86633
0x2962,737.55444
0x10db,1263.5835
0x2e5e,814.7477
0x4bdd,679.38837
0x368b,672.6772
0x3490,781.46533
0x78d,653.279
0x196f,1064.5593
0x275f,768.383
0x3700,709.7566
0x4754,595.1653
0x1a7b,1046.7969
0x39ed,527.6226
0x1d67,724.24365
0x48b3,959.5846
0x3842,626.0023
0x3a2b,561.1802
0x1a88,1117.4564
0x1f98,622.49225
0x7e9,969.9548
0x779,703.4623
0x43f4,543.3724
0x2176,1093.4294
0x17a6,897.3169
0x17df,523.54504
0x23aa,472.72806
0x182e,904.0433
0x443,597.6835
0x45bb,657.05444
0x1af3,932.46405
0x3d15,580.0584
0x4ad3,725.6908
0x3d5d,663.65497
0x4673,728.0591
0xb5b,814.41003
0x28f2,1193.2589
0x204a,891.7555
0x2528,968.9078
0x183e,845.23083
0x500,618.00684
0x1f16,756.6228
0x4819,541.61017
0x3705,717.0254
0x2f1b,641.32886
0x2df8,982.7829
0x4033,624.40344
0x3640,708.68274
0xfbe,785.75684
0xc14,911.7963
0x4861,1076.5664
0x50fa,827.1364
0x901,815.2772
0x2497,882.29974
0x2afc,928.4536
0x2217,561.8429
0x39bc,769.83124
0x7d9,699.0685
0x32d1,624.40344
0x33ca,810.8327
0x1b83,769.4066
0x39e4,867.08496
0x3463,997.963
0x3e74,940.42194
0x12d4,637.74506
0x44d6,770.5077
0x14b7,448.4322
0x5b7,940.16956
0x5161,672.3508
0x425c,777.79456
0x2204,856.48846
0x4d69,858.67914
0x801,784.7683
0x1a78,773.28845
0x47dc,442.59283
0x282a,706.0816
0x2256,618.318
0x41fc,560.3439
0x27e1,668.63605
0x3f13,1095.198
0x1d50,1161.4235
0x66b,548.7027
0x1a0e,822.6031
0x70f,831.2502
0x33a2,682.81036
0x2b41,770.5101
0x244f,867.5833
0x250a,514.06476
0x1b7c,704.0459
0x4a62,618.67175
0x1381,854.82367
0x44c2,736.5524
0x4433,566.3658
0x4523,879.8308
0x486d,806.254
0x46b7,995.54083
0x1262,784.1024
0x568,735.67285
0x807,853.2777
0x5dc,911.6995
0x1d23,628.5211
0x3f1b,662.932
0x498a,851.55994
0x1e24,804.65875
0xac5,777.79456
0x1d7b,766.6513
0x36d7,865.8542
0xdaa,449.97507
0x5074,710.0052
0x7b4,597.0394
0x2208,912.6684
0x4a39,965.1033
0x44ad,767.4647
0x10f6,893.6479
0x39b9,474.85782
0x47ab,938.01624
0x497a,1034.3159
0x3cdf,864.58746
0xc50,550.8022
0x1287,792.0434
0x3d39,1002.9535
0x3fc8,635.0034
0xd1f,674.35486
0x519d,771.53326
0x51d5,807.5575
0x3fbc,771.53326
0xf48,1097.2045
0x1b60,1030.8516
0x213b,491.91135
0x1688,736.5524
0x307e,878.4244
0xec4,768.5231
0x744,941.9091
0x1c47,1108.2792
0x4aa2,1006.05066
0x60d,560.3439
0x39ea,1014.2276
0x1651,472.72806
0x5f4,499.46286
0x3d47,586.3094
0x4458,472.72806
0x240a,540.3674
0x1cf6,557.0684
0x4dfa,654.0319
0x3236,1063.3417
0xd34,475.41187
0xa60,743.5329
0x7c3,658.1769
0x2c6d,551.8274
0x2f4c,1026.8689
0x2626,733.94226
0x20c3,667.00995
0x1744,1084.6052
0x1d5e,962.1538
0x485a,473.95828
0x1056,626.3969
0xe37,796.55853
0x20d6,679.8329
0x133a,686.4332
0x2e21,987.2782
0x4e7,810.32776
0x4a7c,713.7764
0x3737,1072.61
0x23f1,1017.7052
0x44bb,1163.013
0x2521,1023.6781
0xa7b,969.92706
0x3255,809.46655
0x3cde,757.4961
0x3c42,902.3694
0x1387,1050.8684
0x20c0,472.041
0x12b9,745.3447
0x1c63,654.1534
0x1e40,791.71326
0x2a6e,943.38574
0x2d76,838.9821
0x1525,601.8092
0x3ed5,839.2782
0x460c,642.6544
0x4427,935.7088
0x157e,634.29535
0x3f3e,561.50806
0xf78,707.8595
0x599,791.2195
0x23f3,623.71625
0x1772,712.2277
0x30a9,541.61017
0x4263,910.5102
0x152d,564.1569
0xc19,642.6544
0x24f5,892.43134
0x2b26,578.50995
0x12d3,600.4881
0x682,559.7063
0x2aa2,651.47327
0x197c,668.8574
0x9c1,1047.9884
0x3a49,443.7599
0x24ca,566.63446
0x478c,944.16034
0x3b2f,739.3647
0x3042,894.3795
0x3f39,636.61053
0xbf9,716.8244
0x2c90,622.6804
0x4822,779.38745
0x2f85,713.64984
0x4e36,802.4651
0x4ef7,1098.6736
0x3d88,1010.9229
0x1346,808.73206
0x5067,617.03235
0x44f0,808.4428
0x20b3,633.8678
0x23cc,912.3075
0x4836,1161.9102
0x2131,673.34814
0x3a66,866.04877
0x793,758.34973
0x4604,1039.8013
0x4260,581.5575
0x2d14,572.745
0x30c1,962.4799
0xb44,736.8365
0x3ccc,691.0495
0x4d34,775.731
0x5104,1017.1984
0x3fce,865.90375
0x109e,1002.3811
0x7ea,1064.1715
0x50af,834.5628
0x1787,561.1802
0x4555,1029.5743
0x2377,920.36334
0x2019,807.6592
0x467d,633.3906
0x4591,830.2738
0xc24,689.69495
0x1ef9,1078.7235
0x4898,696.8324
0x4d4c,891.82117
0x12b8,819.4686
0x2a24,848.7567
0x3fb7,557.1746
0x1db2,780.48956
0x4a09,723.86914
0xc21,777.938
0x2585,606.3509
0x297c,965.482
0x44ff,859.7894
0x11f9,633.62524
0x16f2,867.12823
0x2b5a,730.64355
0x9e9,683.2376
0xe71,744.34607
0x45c,1005.03516
0x3fc,562.55273
0x3c86,834.6244
0x4bbd,557.2768
0x2ddc,918.6686
0x9eb,529.3758
0x1256,718.8839
0x4938,778.67175
0x890,979.67584
0x202f,951.22833
0x1330,692.01807
0x5087,690.3166
0x25d0,822.74164
0x1a95,680.3338
0x4ca5,852.3644
0x2c3c,712.2277
0x4ae3,867.70404
0x18a8,863.9638
0x3542,706.0816
0x3773,740.52734
0x448c,760.0303
0x4a69,850.0735
0x2167,794.67285
0x47d3,1011.4402
0x4565,538.74854
0xd5a,935.9696
0x3b21,739.6583
0x2c84,623.71625
0x221b,1070.6377
0x4f9e,923.1572
0xa75,897.901
0x1b2e,737.55444
0xa99,606.50934
0x25d5,833.6342
0x50b3,987.5416
0x11e9,464.71066
0x3156,711.82086
0x1481,482.9477
0x517d,711.82086
0x2a33,692.0913
0x3dfe,672.02985
0xd8c,892.8592
0x2d22,677.3572
0x50c8,670.5229
0x1943,949.2543
0x46d3,782.42725
0x379c,745.3329
0xcaa,635.246
0x20cc,798.82385
0x2615,455.06165
0x1494,636.7202
0x39dc,548.0123
0x1814,503.4775
0x1e93,959.5846
0x3ddd,1005.7508
0xcbb,708.20795
0x4b4f,824.54944
0x269f,814.3705
0x4d40,835.16315
0x3ac2,963.807
0x4cb9,990.8687
0x4d50,921.65283
0x2922,855.03235
0x35fb,1019.76715
0x28d6,580.0584
0x1786,448.4322
0x427e,920.0392
0xcc4,735.2927
0x461e,533.2261
0x2aff,1205.2433
0x3a68,1050.8684
0x4729,575.0485
0x3af7,695.1163
0x305a,579.75726
0x4249,712.1419
0x24ad,893.27167
0x336e,624.0442
0x3b74,675.0169
0x4c8a,722.52277
0x45d0,975.2524
0x3d12,769.4066
0x3803,1010.9229
0x2238,777.79456
0x2ac0,955.72797
0x40cc,549.62915
0x2cad,794.67285
0xd1a,1076.2999
0x38d7,1007.3145
0x3e18,752.5691
0xe6a,878.4059
0x249c,544.9885
0x53b,737.44763
0x4228,535.5078
0x202c,941.3177
0x770,710.15924
0x4fd4,1033.3643
0x299d,627.02136
0x4be0,687.7084
0x10e6,633.8678
0x1af5,1109.5645
0xc81,702.8734
0x78e,606.50934
0x12cc,1022.35236
0x1b55,817.9621
0x1186,993.9622
0x3cbb,879.6266
0x95b,529.5832
0x1255,529.3758
0x10a1,760.0303
0x3a10,1075.9487
0x1551,649.66473
0x4c5e,492.29797
0xb0e,678.7289
0x2844,694.28723
0x3d89,721.65326
0x198a,935.9696
0x2296,861.0164
0x3d3c,997.26666
0x603,803.64575
0xc47,807.64435
0x2850,1116.8113
0x4521,679.2501
0x2435,625.42236
0x2d50,653.85406
0x2b3c,1011.83215
0x4b8,375.29697
0x101b,1106.0485
0x3e0b,622.7695
0x2081,1140.9836
0x33df,814.39777
0x33cc,742.49677
0x40fb,805.0119
0x50b1,841.9089
0x303e,961.7751
0x3e8e,739.6583
0x2b55,1053.2202
0x1ff9,679.14087
0x2771,646.15564
0x17e8,624.30695
0x110d,975.1461
0x3b32,1128.8157
0x29a0,551.84894
0x45e8,777.79456
0x2ce2,864.8342
0x2ead,629.251
0x18a1,1007.10443
0x3be9,725.15704
0x3bd3,785.64294
0x3a4b,805.8961
0xf11,785.64294
0x106e,632.92145
0xcda,636.6979
0x2ca2,707.02924
0x44e5,828.6332
0x23d2,602.1825
0x1221,443.17743
0x2abd,579.3374
0x29f0,563.4027
0x1103,478.07986
0x2a2a,469.726
0x29b4,482.29245
0x4105,703.2944
0xe95,1177.4293
0x12c1,443.17743
0x8f6,1061.3447
0x3dd6,912.6684
0xb55,677.90656
0x3abb,874.871
0x3836,581.4046
0x4566,877.8707
0x3f05,655.9647
0x3099,903.003
0x16e7,714.312
0x501a,744.28534
0x3704,959.05615
0x2906,514.06476
0x2e51,985.0762
0x39a7,1068.0455
0x46bf,852.7367
0x2874,713.45245
0xd25,857.31525
0x2f11,713.2791
0x416,651.91754
0x4071,622.1063
0x21de,1004.05707
0x2083,836.2492
0x2b60,537.82715
0x214a,535.0843
0x3a8e,710.15924
0x1cff,736.93256
0x2883,785.64294
0x3dbf,740.52734
0x242d,1189.4625
0x4a04,996.92993
0x1f05,1234.7992
0xa47,883.098
0x3576,855.43994
0x862,920.36334
0x49db,834.5628
0x409e,656.1678
0x26ba,1006.9854
0x2c1e,1046.5273
0x226a,1112.3848
0x4496,600.4881
0x3e85,813.21387
0x2fbd,794.2034
0x2041,1023.6781
0x4210,685.6585
0x2ee4,780.73004
0x8fa,549.4784
0x41b8,694.28723
0x4e6d,713.45245
0x2e49,823.44977
0x49bd,653.72815
0x2ff7,1149.8809
0x1666,735.67285
0x291e,464.47012
0x3e99,491.57407
0x486c,587.0148
0x50f7,839.04114
0x43ec,838.0829
0x607,928.7963
0x2ab7,988.54205
0x28fc,780.73004
0x27ae,676.93463
0x1830,876.8777
0x65b,1263.5835
0x3a5c,951.52856
0x8dc,1078.6104
0x4d89,875.5003
0x471e,748.1931
0x44a9,572.2178
0x4001,942.9472
0x1654,1113.8561
0x4508,736.5524
0x22d0,587.332
0x3c23,794.8565
0x20dd,821.92804
0x2dcd,773.28845
0x33ad,756.46924
0x3769,721.0487
0x3436,806.254
0x196a,815.7261
0x12a5,1054.9634
0x12a7,718.02435
0x567,628.5211
0x288a,1015.4364
0x467a,1102.3088
0x41e7,783.3956
0x2bde,1064.5593
0x86c,675.7189
0x2b3b,1263.5835
0x2c12,654.04016
0x26be,1014.2276
0x28fd,596.9864
0x1504,906.16437
0x1357,1017.4251
0x31ca,679.0932
0x46d1,650.2079
0x4d67,829.69055
0x4d4,965.482
0x3254,652.2927
0x3628,688.7564
0x4848,656.6672
0x2d7d,572.2178
0x1f24,757.8868
0x4cbe,857.05145
0x368c,519.8989
0x434c,995.52814
0x3722,615.6485
0x1edc,559.1057
0xf02,979.1581
0x528,730.3917
0x2c78,573.17505
0x1f89,782.1912
0xcbc,999.4307
0x4bce,941.9091
0x3d06,473.95828
0x2840,597.0355
0x3fe2,884.9076
0x200e,1068.1078
0x4a20,601.46265
0x3bf1,1024.8618
0x2edd,501.48322
0x247c,654.0319
0x3cb0,444.6987
0x4710,531.7412
0x3575,636.7656
0x900,780.7053
0x50b5,562.33044
0x4152,1145.1498
0x3d8c,1141.3749
0x28ae,912.7077
0x23d7,790.7457
0x41d7,475.29422
0x4c0f,601.8833
0x24f9,776.583
0x1aef,729.7258
0x2332,725.15704
0x17be,914.1222
0x69d,703.4773
0x37f7,946.1072
0x4cab,824.3675
0x1bd2,548.6353
0x35a3,856.3843
0x2520,632.92145
0xb3b,773.28845
0x2d64,756.9651
0x317c,721.7399
0x4b41,889.7479
0x18ca,882.4642
0x262a,963.651
0x3911,757.7895
0x4d64,632.92145
0x9ca,827.9256
0x4e77,1000.10004
0x429f,709.4445
0x2630,931.2262
0x3ebe,987.49756
0x2989,1137.8558
0x3879,808.4428
0x3b8e,1060.0256
0x257c,914.681
0x11a7,846.5473
0x3ae0,612.45715
0x2611,743.38684
0x14d8,616.44666
0x56b,751.4592
0x2956,755.3647
0xff2,1102.1227
0x353f,868.38544
0x104d,813.3963
0x4b03,612.21246
0x2946,676.88477
0x432c,634.8184
0x61b,919.61414
0x1187,782.62415
0x1ffa,770.5101
0x35f0,700.35187
0x2720,533.3221
0x2761,600.9327
0x1601,803.6887
0x3b55,554.28864
0x36e5,918.4858
0x41d2,1039.6184
0x285d,623.2606
0x50f9,757.1278
0x351f,794.1792
0x2d40,519.35846
0x8de,1064.4644
0x22c7,676.4457
0x1f62,475.86557
0x46a4,1047.4528
0x5101,935.1971
0x2af7,843.9368
0x129b,375.105
0x51b0,914.1204
0x41c1,846.81384
0x3fde,744.7656
0x4f43,949.4625
0x1fe3,679.8065
0x128b,464.47012
0x109c,930.1334
0x4902,497.8024
0x31e0,537.82715
0xcee,937.4471
0x2af3,811.822
0x2324,736.4514
0x49a,561.1802
0x729,535.27466
0x18f3,987.5416
0x3500,784.3482
0x25a9,790.7457
0x280d,856.9146
0x1521,689.69495
0x297f,562.91473
0x49be,992.6937
0x72c,1025.1761
0x3041,724.31396
0x27b2,685.6585
0x4d35,952.71454
0x150c,840.18427
0x280a,1197.4055
0xd06,561.8429
0x3fc6,853.86896
0x4ac6,739.88934
0x46b8,1095.198
0x1b96,710.0052
0x1cd1,697.4599
0x270f,1113.6123
0x1054,529.8742
0x4cca,888.9263
0x1e41,845.42865
0xc02,529.8739
0x234f,474.85782
0xed0,551.10565
0x2fe5,1095.198
0xea0,843.9368
0xf24,848.7567
0x504c,934.9787
0x287c,448.4322
0x1363,909.9261
0x266d,624.0442
0x46ce,1140.225
0x5173,802.09827
0x21ac,443.7599
0x1f5d,606.50934
0xe09,918.9361
0x3753,1140.9836
0x1d62,615.9625
0xd31,879.8308
0x22cb,1189.4625
0x3e9,869.9248
0x3545,679.38837
0x2772,849.84283
0x318d,649.66473
0x4c42,1104.0372
0x5076,602.1825
0x4d6f,667.4729
0x2b6e,1092.5183
0xf54,856.6998
0x1dcb,767.82385
0x12b1,740.52734
0x13b5,484.4903
0x1226,637.9582
0x2018,940.50085
0x15b8,517.6776
0x52d,808.49115
0x4d99,586.8957
0x1dad,470.78223
0x2279,569.35144
0x499d,860.22015
0x27e6,813.3391
0x1242,678.4498
0x28f1,527.5324
0x33b0,580.0344
0x4da8,1075.1241
0x48aa,738.81415
0x44d5,905.6739
0x3ef5,708.84607
0x44da,634.29535
0x1702,1068.0455
0x408a,712.2277
0x9a2,442.59283
0x292a,962.4799
0x447c,919.1034
0x29a5,769.5914
0xf9a,794.6313
0x1d9d,923.7152
0x125a,628.5564
0x3bd7,794.3049
0x1e4c,621.2368
0x4ac5,989.819
0x3b2e,775.06226
0x359f,1131.2437
0x2c41,478.1749
0x3833,1062.257
0x1d32,860.6714
0x18c5,913.0537
0x12eb,935.1971
0x74e,657.2505
0xd40,602.1825
0x272a,591.3591
0x42c2,987.90515
0x34ab,991.6058
0x2f77,710.7326
0x46fe,700.90137
0x3ae9,999.70984
0x1a1c,777.79456
0x2fd5,691.7676
0x4f8c,641.27625
0x2b4b,679.51276
0x4ae9,599.9808
0x1c08,559.1057
0x4080,758.11505
0x454a,710.70764
0x2318,674.5905
0x643,1073.8645
0x451b,1117.4564
0x3237,516.0442
0x4cbc,814.2794
0xdbe,947.5777
0x3df1,780.905
0x174b,557.44775
0x3131,497.9315
0x22db,777.79456
0x48a9,464.71066
0x9b4,656.6672
0x16b2,742.93384
0x347b,757.8294
0x3315,1015.0027
0x2a4f,880.0201
0x40fc,673.6835
0x23fb,910.5689
0x224b,910.40314
0x4562,756.4798
0x1507,549.2468
0x314d,1102.6262
0x1695,819.95764
0x1384,883.098
0x4c2f,694.23267
0x45df,938.7939
0x2401,847.1031
0x49ad,802.09827
0x4f6f,1106.4191
0x4678,679.30035
0x1f22,821.92804
0x42a8,625.42236
0xd9d,712.43243
0x4531,1161.4235
0x470e,718.02435
0x3503,1132.2305
0x939,912.77545
0x4662,1092.7118
0x4658,652.63837
0x40b9,778.40265
0x43d2,472.57562
0x4717,806.9708
0x13f6,560.3439
0x4aa5,918.46027
0x25e8,625.42236
0x188b,542.57947
0x385f,572.93616
0x1732,758.5171
0x2804,909.45294
0x96c,1118.1958
0x3522,684.73553
0x200a,1005.5407
0x12ff,847.1155
0xed3,725.15704
0x3ce8,558.16595
0x1855,623.2606
0x41fa,485.15778
0x3d69,485.09094
0x2fa0,794.6313
0x4af2,972.95245
0x471a,760.0303
0x1916,963.651
0x115a,1034.4081
0x1ebd,856.6508
0x8d1,602.8614
0x13c8,809.7094
0x169b,616.6614
0xae8,475.29422
0x179f,910.361
0x3016,885.3845
0x20c7,929.33417
0x2cf1,976.4368
0x2f3c,941.326
0x3350,662.05975
0x33ff,911.85895
0x2a9b,1213.3059
0x34a5,745.3447
0x3109,988.332
0x1dca,491.8445
0x1606,595.1653
0x3e32,698.672
0x1f2e,886.8931
0x4f24,812.8896
0x4920,784.3917
0x44ae,475.6524
0x302f,754.4485
0x1a1f,1071.1627
0x38ce,795.5457
0xc72,773.1035
0x242e,622.53314
0x1d7f,737.44763
0x24c0,919.2888
0x1618,736.14185
0x3064,856.3843
0x2752,1244.9396
0x3358,649.8426
0x433b,586.3094
0x497d,1063.5566
0x1333,792.7059
0x3170,1026.8087
0x4936,738.0428
0x42a3,637.74506
0x1897,883.098
0x944,794.67285
0x21e4,580.1873
0x7cf,563.4027
0xcab,458.94067
0x33e1,907.52136
0x506c,950.5893
0x3ab4,577.40784
0x51f2,987.5416
0x6be,669.94763
0x2e04,648.6525
0x3a70,953.81635
0x968,815.406
0xafe,580.1873
0x2ca0,830.505
0x26f0,810.1453
0x6e4,686.327
0x3190,656.2087
0x1599,544.9885
0x39dd,821.92804
0x4cc8,884.8004
0x2fc0,912.80115
0xbfd,744.1963
0x51a3,986.58514
0x4199,893.27167
0x30c3,708.4186
0x3e66,838.8197
0x37a0,648.343
0x10f7,623.71625
0x2b80,716.28625
0x3432,779.1027
0x799,972.95245
0x4924,798.82385
0x242b,554.28864
0xa44,883.098
0x2ae7,909.0109
0x1e0a,616.44666
0x1c8e,544.5877
0xdc4,914.1204
0x3a81,998.5305
0x11f8,803.6887
0x2e0f,623.1007
0x2cd6,710.5661
0x43a3,761.2249
0x16f7,554.6235
0xbf3,787.5638
0x21f8,580.1873
0x1fc7,894.9927
0x43d9,580.1873
0x13c5,670.3657
0x473c,921.8444
0x4e5e,518.26587
0x8ca,737.55444
0x225c,871.79504
0xd20,1057.1484
0x3fac,1048.255
0x1aae,636.2205
0xbb3,601.46265
0x2a77,922.5837
0x4d22,779.38745
0xf3a,475.41187
0xfd1,698.2288
0x2e6f,560.3439
0x16f0,774.86017
0x4f87,1140.9836
0x3c89,817.87524
0x15de,1263.4218
0x3ba0,375.29697
0x484e,1032.7617
0xce3,664.3848
0x110f,848.7567
0x3723,486.31915
0x2581,1023.86096
0x1f21,768.5682
0x4f52,998.5305
0x3fc5,831.2502
0x4b46,375.29697
0x33d4,605.253
0x43ae,829.7673
0x1b35,727.1576
0x437d,624.7896
0x4e9b,675.8372
0x19b7,664.5504
0x1b92,577.2289
0x2c51,1078.7235
0x1d33,808.21
0xce8,626.4893
0xc3c,808.49115
0x2207,681.1254
0x1377,790.7457
0x51e,922.5837
0x3f56,768.5231
0xf75,742.9366
0x4772,1263.4218
0x9cf,625.3474
0x10a2,844.10657
0x8e4,1023.21265
0xd19,677.40784
0x4028,1051.2865
0x1e56,502.49506
0x4602,827.5955
0x4c6,620.1279
0x2146,865.9515
0xc8e,612.45715
0xe29,695.0234
0x283a,822.74164
0x2162,883.098
0x1961,375.29697
0xa5e,920.36334
0x17d3,1007.10443
0x274f,637.24567
0x3d23,901.2555
0x48db,723.14185
0x12e8,818.9066
0x1e2b,483.7841
0x260c,893.6479
0x2314,758.7027
0x3135,700.33575
0x2a84,1006.57263
0x100b,811.02545
0x4a0,879.6266
0x3680,822.3588
0x51c8,938.50854
0x2816,470.71512
0x6f8,507.33377
0x2da2,976.7516
0x6b8,524.77637
0x4a53,725.86566
0xada,651.26984
0x33d9,889.7253
0x3e6c,675.8372
0x4f8e,770.5101
0x3f61,765.1754
0x6e6,483.7841
0x49d8,829.84125
0x2e16,1263.5835
0x1037,789.69666
0x102b,725.5417
0x2ac1,505.09192
0x11b2,808.4428
0x36ae,769.4066
0x338b,860.07745
0x2992,1085.5248
0x429c,1007.3145
0x4622,770.0532
0x1aa2,865.8542
0x3f16,987.64557
0x2bdc,498.04355
0x42bb,722.52277
0x30e4,720.0364
0x3391,855.43994
0x31f3,912.97205
0xff7,808.5749
0x5111,919.61414
0x406c,596.16364
0x2054,894.5946
0x965,676.349
0x4776,916.92804
0x2899,482.9477
0x36cd,647.9935
0x432,968.9078
0x2800,579.62836
0x3337,711.15717
0x133e,782.62415
0x36d1,844.0553
0x24db,497.23956
0x471f,617.8736
0x4cc2,517.9371
0x4982,817.9621
0xbed,1008.81757
0x10f9,879.8308
0x201c,656.84515
0x38c3,710.5661
0x1a21,907.4491
0x1930,1140.225
0x340a,1002.6315
0x457c,1113.6123
0x4f28,1220.3568
0xee4,864.1924
0x4e14,694.54095
0x4b27,976.0998
0x167d,627.2729
0x22e5,619.921
0xbec,965.9215
0x50f5,491.59174
0x30eb,580.1873
0x4ab7,625.85144
0x3c97,1039.938
0x3ef1,597.0583
0x281a,481.74277
0x22a8,1131.2437
0x16d8,829.7673
0x685,894.86633
0x7df,941.9091
0x1abe,758.34973
0xf94,602.1825
0x40d8,683.12286
0x21d7,878.1174
0x1276,806.8646
0x492a,581.5575
0x37d8,922.5837
0x4457,949.1121
0x3fc9,548.14526
0x134e,558.5008
0x3b79,642.6544
0x4112,786.9511
0x1109,840.8733
0x22ee,1039.938
0x91e,606.73303
0x474,548.2929
0x51ed,604.4761
0x46d9,464.71066
0x43d6,715.8794
0xbcd,777.79456
0x3076,719.2881
0x1566,725.15704
0x3122,665.2013
0x3dc7,938.73096
0x364f,907.4773
0x3f7e,1141.3749
0x4429,891.63055
0x4a85,770.73
0x3039,798.69244
0x1ea8,679.27826
0x4bd0,879.6266
0x25dd,863.6907
0x2621,666.1061
0x4efc,599.6695
0x3f27,886.96216
0x3199,726.40125
0x31bd,709.706
0x4dfb,881.15015
0x4df8,625.47906
0x1cb2,375.29697
0x1105,950.9344
0x4316,511.2941
0x2d26,810.1453
0x3c94,572.5526
0x4b65,600.9327
0x37e2,779.1027
0x2b0d,955.90796
0x375f,697.6146
0x36dc,1128.6227
0x2c5b,475.29422
0xdf9,766.04926
0x18b0,862.7047
0x3119,549.81
0x38f0,616.4618
0x4adc,579.75726
0x3133,722.2575
0x2e6b,644.6778
0x4e7c,983.18866
0x9c8,574.23865
0x4853,1115.4856
0x4ee9,1112.5914
0x265d,846.5473
0x1946,1184.7083
0x1e96,1022.35236
0x3e12,704.2367
0x1e6b,688.04205
0x22d3,649.66473
0x4419,780.7053
0x3368,568.52814
0x25fd,910.23694
0xc7b,747.22375
0xd92,679.38837
0x1f2b,944.16034
0x38b5,892.53235
0x48ca,808.48193
0x47f5,828.37317
0x4f6c,941.02264
0x2d74,540.31555
0x342a,758.2524
0x86e,797.1099
0x16ed,745.3084
0x9fc,608.7036
0x4e93,687.30804
0x3c49,750.01294
0x739,523.8214
0x4a8a,469.726
0x495c,745.3084
0x2379,1360.5929
0xba5,1193.2589
0x41a6,770.5077
0x7a2,830.1222
0x84a,814.1527
0xeaa,1072.61
0x31d4,621.00024
0xf70,547.9361
0x1653,635.246
0xd6d,513.7181
0xb69,621.60065
0x2914,472.72806
0x2e9f,879.8308
0x26e7,738.81415
0x19a0,981.95825
0x17d4,587.6193
0x4a6c,504.40155
0x268a,561.6927
0x2b99,946.35956
0x53c,375.29697
0x47b7,939.33887
0x3eda,743.4785
0xd47,822.74164
0x2d07,782.0382
0x10a5,660.47363
0x4a31,985.0762
0x1a92,736.8365
0x42e3,712.2277
0x28a1,708.3246
0x16a3,521.9714
0x406b,1028.8236
0x4ce2,634.0523
0xcec,686.9791
0x2b31,674.701
0x272f,876.1695
0x2b3f,848.83704
0x12ba,705.67474
0x774,559.1057
0x1e43,799.5857
0x3024,517.6776
0x129e,737.88367
0x4525,1007.3145
0x2589,871.64075
0xe8d,982.7357
0x1ed9,862.84814
0x3f85,884.8004
0x179d,650.10345
0x3777,923.8979
0x3a9b,564.13293
0x3fb2,724.24365
0x1a18,928.4536
0x1471,927.43823
0x2887,866.4494
0xa3c,794.38586
0x240d,375.29697
0x4172,784.4122
0x287a,700.41626
0xda9,543.2257
0x399b,914.7442
0x26b8,779.12854
0x1163,762.11005
0x4c9c,725.5774
0x4fa1,439.61264
0x1082,698.2288
0x1620,718.19867
0x296a,880.1083
0xed4,666.6507
0x2079,904.6741
0x25eb,679.57623
0x4ef4,562.55273
0x233a,1002.9153
0x3175,1047.9884
0xd70,815.3967
0x987,897.8455
0x1575,1007.3145
0x1d60,724.31396
0x40fa,625.31537
0x435,533.3221
0x40fe,919.92377
0x504d,908.29083
0x4e10,723.66095
0x3c16,938.73914
0x2311,830.0912
0x393c,770.73
0x46c2,770.73
0x409a,761.2249
0x4c9,921.8444
0x1a71,511.21048
0x2bff,998.32043
0x2a3a,829.69055
0x1e85,796.7521
0x485c,779.48676
0x13de,982.52563
0x5f7,504.40155
0x1e66,813.59503
0x2517,1118.1958
0xb27,699.0685
0x3735,776.583
0x6cf,758.7098
0x4764,916.3314
0x4092,852.7367
0x3e62,944.4642
0x42ee,1141.3749
0x219c,1076.1573
0x1781,548.14526
0x4e94,679.8147
0xaf1,1119.5676
0x3c9c,1006.4205
0x46be,637.57526
0x24f4,841.1476
0x4763,548.7027
0x3f0a,529.08234
0x2406,965.86957
0x2399,545.343
0x3019,715.82544
0x3306,1046.5273
0x306d,760.0303
0x2c47,891.82117
0x2d48,548.7027
0x47f3,1064.5593
0x1bda,779.0916
0x2e6c,439.61264
0xa84,1242.2416
0xb5a,642.6544
0x4792,723.86914
0x349b,581.5575
0x3f64,1046.1556
0x298e,769.4066
0x2a60,393.65485
0x3900,664.5504
0x4881,616.44666
0x388c,914.1204
0xf57,666.4789
0x3aeb,560.3439
0x1153,1211.608
0x3229,1027.1028
0x3517,560.3439
0x27f4,599.6695
0x2f17,983.82465
0xf9e,780.73004
0x15d5,883.8587
0x15bc,632.92145
0x1528,760.72516
0xba7,500.12006
0x4f2,989.819
0x2bb1,764.6891
0xe2f,780.73004
0x1bc6,709.71674
0x5097,1019.38904
0xe82,854.58856
0x910,601.46265
0x3b87,1115.8578
0x1c5c,1075.3328
0x1db8,683.2376
0x1077,1179.0922
0x2506,768.5682
0x41ad,896.9433
0x2ca5,857.9797
0x286d,700.90137
0x2f87,967.4147
0x3869,914.204
0x3ff8,997.963
0x32e7,830.1222
0x4021,919.2354
0x1664,1184.7083
0x17dc,1046.306
0x803,622.0165
0x1a2c,435.64224
0x1462,1111.7811
0x16de,530.69244
0x2aaa,858.5884
0x2bfe,905.15717
0x7d1,918.9446
0x484c,618.3891
0x6ff,697.77936
0x27b8,654.0319
0x14b6,1007.3145
0x1145,621.073
0x4e22,626.3969
0x2c8d,854.1937
0x38c6,880.0641
0x333a,853.2777
0x3022,653.6898
0x4f88,522.9485
0x776,637.8624
0x42b6,637.57526
0x41e9,689.33405
0x33c7,811.20807
0x8d8,737.55444
0x5068,756.46924
0x1e5f,918.9316
0xe73,1153.3917
0x2a06,1072.61
0x296e,548.7027
0xdae,662.6396
0x4b3b,519.9728
0x4d6d,525.7826
0x557,580.0344
0x1540,909.65283
0x98f,924.1892
0x2646,1098.6201
0x2638,514.4896
0x343b,915.38635
0x118a,827.53326
0x3431,795.9293
0x1c83,1140.9836
0x10bd,756.2427
0x285e,694.23267
0x3fe3,894.9927
0x4ed6,557.1746
0x3f41,464.71066
0x2443,908.8404
0x449f,702.6309
0x1b76,698.672
0x11a0,738.0962
0x2422,1177.4293
0x21b5,602.1825
0x345e,918.89655
0x4d47,875.33
0x13d8,744.0487
0x43f2,862.6587
0x3361,842.0943
0x22c2,884.8972
0x31e4,1004.0425
0x5180,870.55536
0xee0,864.7988
0x49de,1028.8236
0x48a0,1108.2792
0x2865,944.6188
0x2980,1360.5929
0x970,937.16437
0x401a,813.3963
0x464e,731.654
0x32ba,616.44666
0x1dfc,927.51624
0x3026,800.61945
0x2612,1006.9854
0x2b06,697.4599
0x36c5,939.22327
0x1af8,676.4999
0x2aa8,565.9246
0x1b69,532.30615
0x147c,858.67914
0x3185,535.478
0x2cf2,951.52856
0x3738,896.9433
0x23b1,573.17505
0x2342,921.68933
0x43ff,1242.2416
0x25ed,780.73004
0x1401,572.1726
0x3c17,1129.6833
0x32f8,892.43134
0x213e,504.1452
0x969,884.8004
0x41eb,854.82367
0x3730,443.7599
0x7ae,982.7357
0x17ba,620.0172
0xc78,856.6508
0x35ca,443.17743
0x2ce5,779.7896
0xbf6,693.4988
0x12f0,564.2858
0x25f7,662.05975
0x14ba,759.73425
0x2e50,803.4336
0x16ff,624.4377
0x47fe,575.1774
0x2b5b,927.04974
0x27a1,560.3439
0x1e05,753.2313
0xb73,862.4119
0x4603,1029.0416
0x2087,546.4613
0x48f7,621.60065
0x2949,1093.4294
0x4f16,669.8518
0x19e3,1014.776
0x1edb,650.49
0x3f78,914.7881
0x467c,894.60895
0x4c37,943.5696
0x37b4,966.01904
0x48e4,634.29535
0x4acd,485.15778
0x4fec,602.7663
0x2bfc,827.53326
0x4b98,884.8004
0x34e9,604.5598
0x78b,806.3833
0xc05,757.96674
0x408c,823.7389
0x40ac,1076.1573
0x51ea,772.09015
0x38ee,739.6583
0x48ac,549.84753
0x32ed,607.20056
0x2ce4,662.05975
0x2b4f,995.0735
0xf9d,825.5686
0x391f,474.3509
0x2937,490.36874
0x1b70,484.4903
0x380f,663.7842
0x2060,848.6993
0x1536,710.94556
0x184e,656.3755
0x4ac4,647.20953
0x26ae,795.9293
0x46e,859.7344
0x3b0c,1058.4225
0x64b,665.7662
0x424b,776.6225
0x1c94,748.1931
0x126c,669.94763
0x10dd,554.6235
0x3a2a,670.74457
0x2a8f,513.6687
0x16fc,669.94763
0x4336,654.68976
0x1b9d,577.16046
0x4bf6,511.2941
0x4043,737.55444
0x21a3,765.1754
0x228b,893.6479
0x2482,856.3843
0x3d6e,1010.5416
0x16c3,778.67175
0x27cb,498.7166
0x48c3,914.349
0x190b,649.1709
0x7ef,530.39703
0x47be,706.0706
0x1c9d,790.7457
0x47a3,851.9589
0xf46,862.5005
0xa13,852.5719
0x1d95,885.7283
0x2e8d,868.1812
0x4d30,706.0706
0x1eee,695.4501
0x2661,481.70178
0x50e2,559.3794
0x92d,1070.6377
0x9bc,617.8736
0x4307,612.0449
0x40c,853.20416
0x1e31,799.07996
0x703,691.18677
0x38ad,733.88605
0x3bc0,527.7241
0x3a69,543.74097
0xb14,778.0992
0x13ea,722.99786
0xf15,729.41736
0x1baf,1007.3145
0x593,813.3963
0xbcc,1035.663
0x4b6b,928.1423
0x2ed7,909.9849
0x1a7c,543.3724
0x241b,711.7835
0x129d,928.4536
0x189a,590.28864
0x2f7c,616.44666
0xfa6,744.0487
0x20aa,632.87335
0x25d7,965.92926
0x2a8a,908.76984
0x3126,832.66284
0x41a7,941.2746
0x1bc9,584.1976
0x5152,643.44385
0x30bd,504.40155
0x76e,828.27313
0xec3,811.20807
0x3bfe,876.07495
0x4de7,997.26666
0x4db8,1036.6866
0x49ca,857.9624
0x1bb4,755.3647
0x3694,676.4457
0x441c,464.71066
0x4479,846.81384
0x1866,806.0209
0x4df4,945.8503
0x426c,777.79456
0x1f5a,843.80896
0x2efc,773.013
0x422c,864.58746
0x1f9e,841.9089
0x13b7,1017.7052
0x45f1,472.57562
0x1d01,577.40784
0x1215,629.65515
0xff3,504.40155
0x2e9e,791.5186
0x3045,450.3441
0x2b36,624.0442
0x18b7,808.4428
0x4446,987.90515
0x2aee,624.99713
0x356e,601.8092
0x6ca,529.3042
0x3675,661.7877
0xa86,1023.04596
0x472d,631.815
0x1ae6,440.24893
0xf8f,768.1099
0x3aab,852.67993
0x4c81,710.8332
0x1ad0,962.4799
0x1f27,566.4947
0x189e,601.92303
0x40ea,882.29974
0x112d,755.07904
0x1b12,673.14056
0x5002,852.3644
0x5056,645.08344
0x42f0,675.76447
0x4d9f,648.99304
0x5c2,786.9511
0x14f6,1360.5929
0x46ab,917.3447
0xd9f,615.6177
0x3df0,862.4119
0xe9b,954.81305
0x2456,999.4307
0x2fa9,807.4392
0x1113,1000.2701
0x401d,853.1025
0x3aa5,1244.9396
0xb60,1066.2684
0x2bad,904.79944
0x37a3,871.64075
0x2ef3,786.12836
0x23f2,780.7053
0x238c,616.5026
0x2c14,615.1914
0x3740,559.1057
0x38d9,1068.0455
0x2b0a,875.5003
0x490e,724.1151
0x4908,558.215
0x453d,775.4004
0x24d0,745.8931
0x17dd,962.1538
0x4968,822.88556
0x103a,983.8817
0xf53,736.14185
0xd30,922.295
0x8e6,627.4866
0x3be6,809.0731
0xaac,475.29422
0x4928,763.9184
0xa53,810.3253
0x2579,952.50934
0x1d3b,751.624
0x2df3,966.01904
0xfe5,826.10187
0x1705,601.7324
0x880,952.5991
0xf8d,894.60895
0x252c,736.8365
0xd35,737.44763
0x20b4,619.2671
0x2f27,1199.5508
0xdf4,727.80646
0x1bed,958.987
0x330e,854.82367
0x1bdd,586.3094
0x4afc,1002.20245
0x4128,689.1134
0x4f72,938.77264
0x3fb,744.0487
0x1efb,940.16956
0x148b,628.0123
0x1df7,694.28723
0x1a4d,1103.1838
0x1492,1007.10443
0x3717,635.0034
0x3716,949.75616
0x728,1065.7284
0x4f97,740.025
0x109b,756.90845
0x286a,822.5073
0x17c0,833.6342
0x44dd,811.4954
0x2880,773.61005
0xce2,782.0135
0x44fa,623.2606
0x4fe8,1017.1984
0x3bd8,560.3439
0x2249,1010.5416
0x2c1a,566.3658
0x42d,919.6266
0x2442,449.69827
0x1ce0,763.9184
0x174c,449.69827
0x472c,623.337
0x457b,1073.6464
0xca8,726.7899
0x3458,616.44666
0x3094,601.92303
0x41c3,919.1034
0x47d1,769.9781
0x51d,848.7567
0x201f,856.6998
0x1d1f,785.4186
0x4d90,785.64294
0x1bb3,602.40454
0x2230,504.0889
0x38cf,1003.50085
0x4243,1015.73395
0x4eba,937.9895
0x3c53,626.3969
0x3844,625.3474
0x1a4e,465.2453
0x1f99,655.98425
0x4a5f,813.59503
0xf1e,879.8308
0xa7d,604.76227
0x36c9,1061.6559
0x28c9,594.7972
0x1d82,879.43823
0x3aa3,692.4874
0x31b2,757.8294
0x2689,689.06824
0x264d,944.6542
0x3bc4,653.429
0x267f,901.70074
0x27c7,894.20306
0x1316,1092.5183
0x1302,780.7053
0x311d,827.55054
0x424a,937.16437
0x2b68,761.51056
0x42c0,867.6909
0x9bd,807.64435
0x3fe1,509.41602
0x140a,1010.5416
0x509d,689.69495
0x2c8a,710.0052
0x49fb,721.7399
0x4360,785.64294
0x4578,879.8308
0x45d6,653.429
0x4350,541.83844
0x9da,929.33417
0x399e,664.22485
0x2554,1078.7235
0xec9,1093.1571
0x3a38,1068.0455
0x23ae,795.8535
0x2d58,760.0303
0x4b7e,503.71643
0xbd5,633.8678
0x4e1d,710.5661
0x4248,680.56024
0x342c,1102.6262
0x47c1,766.0662
0x377d,793.1202
0x2e30,710.0052
0x836,761.93506
0x2932,777.5541
0x7ab,974.7335
0x349a,1154.9595
0x2ccc,712.2277
0x2fd0,1360.5929
0x35a7,784.4122
0x2919,1035.0493
0x2bf1,854.5603
0x115b,705.3419
0x1dae,875.31104
0x20f4,811.20807
0x77e,526.6775
0x4d74,780.73004
0x48f0,538.5306
0x3870,710.87585
0x1def,679.38837
0x333d,1071.7074
0x50c0,852.3644
0x2e6d,941.9091
0x1b34,695.0234
0x443a,868.49774
0x33ed,805.52814
0x1657,935.9696
0x16da,736.14185
0x9ff,949.50397
0x4408,806.2714
0x452e,935.9696
0x5e8,893.0819
0x4c4f,1128.6227
0x3955,751.4592
0x33b9,763.9184
0x20c5,780.46484
0x18b9,1007.3145
0x2ce6,624.30695
0x35dc,1024.8618
0x4a8f,923.103
0x3999,777.79456
0x468d,982.4791
0x58a,674.5557
0x2c62,692.81934
0x858,768.5231
0x89f,713.13965
0x12b6,1007.28546
0xe3a,894.86633
0x1202,682.81036
0x4727,736.14185
0x25dc,421.56778
0x430b,1133.911
0x247f,723.4067
0x7b6,737.0167
0x167f,936.67206
0x1c0b,375.29697
0x23c2,916.847
0x4287,893.0819
0x1687,1022.52
0x4eae,504.1452
0xcfe,564.2858
0x37ee,692.244
0x411f,1013.47095
0x928,636.1835
0xab7,1011.83215
0x4a8e,752.1245
0x3882,1015.82605
0xdaf,649.66473
0x2d03,756.6228
0x508,620.0172
0x11e5,964.0147
0x3325,1112.3522
0x58f,515.5967
0x271d,775.45557
0x3e77,994.02704
0x4aa1,1068.0455
0x3871,842.84
0x1698,518.80457
0x3461,938.73096
0x4333,639.4845
0x3067,822.5073
0x121e,442.92603
0x4fff,972.8392
0x2150,810.8064
0x1e34,774.1022
0x12f5,474.6026
0x4885,624.99713
0x3840,775.731
0x2907,806.254
0x500e,631.0593
0x27de,764.84265
0x3410,665.47003
0x20fa,838.9821
0x501d,691.18677
0x2c0e,547.8616
0x4b0e,769.83124
0x24f3,1179.851
0x28f9,786.54803
0x35d3,757.8294
0x1087,732.9997
0x36e0,983.7686
0x1048,983.68805
0xc92,626.3649
0x3825,482.9477
0x21cb,935.9696
0x2729,479.50076
0x80c,573.17505
0x3e70,712.2277
0x1002,769.29376
0x453e,1068.0455
0x38a8,614.9557
0x193f,722.99786
0x45b7,670.3822
0x601,559.5608
0x451e,687.29626
0x344e,557.2901
0x353e,620.0262
0x329d,1008.2728
0x1b00,716.28625
0x443e,829.84125
0xfbb,648.5528
0x3c8b,1183.4796
0x19cf,884.8004
0x10fe,1055.8829
0x1d98,638.48236
0x10f8,491.59174
0x77f,1182.7101
0x2e95,677.8681
0x1b78,580.0344
0x2593,723.713
0x3800,714.312
0x1de2,571.18695
0x30d6,743.38684
0x1745,760.0303
0x4e2a,566.3658
0x386e,790.69586
0x4113,797.1099
0x3469,754.5643
0x7db,839.22534
0x1e47,990.1902
0x2115,723.713
0x22a4,728.4103
0x37b0,482.7855
0x746,628.3354
0xd52,907.4491
0xd7c,602.8614
0x466,684.5557
0x15e1,1016.65
0x1a4f,737.55444
0x3060,953.81635
0x4ef2,623.21576
0x4194,552.8377
0x4f91,804.65875
0x4053,678.80646
0x4258,591.83014
0x4cdf,757.50134
0xef1,884.8004
0x4dd3,576.2036
0x4640,924.14655
0x46ca,623.1213
0xaa9,695.4585
0x30cc,791.5554
0x975,1244.9396
0x3984,605.7199
0x31e6,868.38544
0x2013,852.7367
0x3aad,691.2696
0x328e,912.7077
0x21da,880.05994
0x3ec9,955.74677
0x252d,808.4522
0x3ddb,1132.2305
0xde2,652.425
0x4fdd,1033.3643
0x427c,652.93176
0x1e42,1047.7543
0x41de,776.0929
0x282d,775.45557
0x346a,529.08234
0x17fb,624.5318
0x2b25,641.3736
0x2edc,626.4893
0x12f3,479.50076
0x13b1,737.55444
0x4f60,670.01
0x31b7,680.5181
0x3489,758.5171
0x15ba,499.04153
0x2346,911.4498
0x1f57,903.8585
0x2da4,668.63605
0x3cf1,893.415
0x3479,618.318
0x49af,505.09192
0x310f,693.8804
0x3935,710.5661
0x4a1a,842.9821
0x3a0c,855.9475
0x3c06,921.65283
0x1aab,981.7587
0x4c43,559.1057
0x3aef,527.697
0x4bae,693.45123
0x18b5,553.5601
0x39ce,1085.5248
0x3c7d,1038.6202
0x50ba,1016.0089
0x2c06,616.44666
0x4ec9,758.5171
0x11d0,1072.61
0x2a21,616.44666
0x13f0,853.00323
0x9a8,653.85406
0x24e3,648.08527
0x1c1d,812.21356
0x370b,894.5946
0x4b61,643.44385
0x291c,914.61115
0x1768,1055.0989
0x4cc6,769.29376
0xdcb,1012.545
0x40dc,987.96844
0x2d01,685.2641
0x8da,779.9026
0x2a2f,557.8827
0x14f9,579.0069
0x2c70,683.84
0x2016,832.93115
0x51e2,659.5634
0x1c98,829.1559
0x4de,815.7261
0x384b,617.37506
0x4c4,930.978
0x3824,819.40955
0x4994,897.3169
0x2b20,932.4811
0x414f,498.94894
0x32d0,599.9808
0x1389,807.64435
0x4e47,904.0433
0x8f5,860.9916
0xf88,846.96075
0x29dd,1023.86096
0x4d16,701.0396
0x45a4,557.2901
0x340c,728.4103
0x4a28,818.68884
0x4503,716.0203
0x2da1,738.0962
0x151d,677.3572
0x4054,1011.7887
0x353b,819.6128
0x73c,823.44977
0x1be0,848.6993
0x209a,621.0966
0x49e8,577.1663
0x4bb7,700.90137
0x585,776.0929
0x3527,782.1912
0x4b54,1027.4998
0x4aec,676.57874
0x4f12,637.75977
0x4a82,919.61414
0xd63,864.7988
0x4606,857.05145
0x41b5,921.2121
0x408b,624.30695
0x1fd6,935.1971
0x3661,646.15564
0x1c1a,581.3528
0x3275,829.69055
0x1a2f,669.9973
0x3a7c,1000.6093
0x7a8,585.87933
0x4d21,710.2279
0x226f,1073.6464
0x51d3,634.97974
0x6d7,615.4375
0x17f9,618.67175
0x24ef,892.53235
0x1fbf,541.22626
0x5027,810.8064
0x1652,667.1322
0x964,808.4428
0x43ab,919.61414
0x113b,875.9288
0x19de,546.0023
0x1d8b,661.8191
0x21d3,909.9261
0x4a4a,684.4021
0x1e33,679.50055
0x283d,878.5105
0xdc6,1061.6975
0x500f,1004.0425
0x397d,713.65424
0x3fe6,574.23865
0x437a,864.7988
0x2981,1015.0027
0xdc7,573.17505
0x3cd3,983.05206
0x2e22,782.0135
0x3e45,636.04944
0x1237,921.6238
0x3265,619.921
0x1a56,1023.21265
0x2757,668.68005
0x11c8,738.3811
0x1eb5,513.7181
0x10ac,821.319
0x4ba6,790.7457
0x5057,828.3366
0x730,897.3169
0x1e88,1023.86096
0x784,825.60364
0x4dca,1141.3749
0x1f78,998.32043
0x2d08,739.60236
0x1535,894.60895
0x5ac,1015.4364
0x4d6a,1016.9666
0x2e54,1052.7126
0x157a,677.76666
0x235c,931.91974
0xdd9,601.6496
0x33b1,730.2306
0x1180,679.8694
0x602,1075.9487
0x2219,550.6492
0x3343,572.745
0x48be,1113.6123
0x4ccf,769.4066
0x18f5,975.1461
0x1017,941.9091
0x318b,910.5041
0x1cd7,811.49286
0x3969,739.60236
0x4627,544.9885
0x35f4,947.7079
0xdfe,1016.9666
0x50e9,891.82117
0x376a,616.44666
0x217e,664.03656
0x3891,560.3439
0x51af,998.32043
0x1f7b,678.80646
0x22cc,602.8329
0x164e,441.51175
0x3b51,585.4417
0x3fad,529.8742
0x2be5,1063.3417
0x4d4b,515.00714
0x2330,719.2881
0x2f99,756.6228
0x16d2,894.78076
0x469e,935.4773
0x3d68,558.52826
0x2338,785.64294
0x2374,760.0303
0x1416,586.3094
0x50fd,779.3493
0x82d,668.8175
0x49f5,472.72806
0x267e,1023.6781
0x20dc,1011.83215
0x4120,442.59283
0x523,669.8518
0x4516,993.9622
0x35eb,1059.309
0x5086,777.79456
0x955,641.27625
0x3d21,1070.5049
0x1abc,616.44666
0x3794,684.47046
0x35d9,853.00323
0x4beb,702.2334
0x31f4,780.48956
0x3642,694.8891
0x3860,1062.257
0xe69,938.50854
0x4950,797.1968
0x123e,634.2107
0x136e,756.46924
0x562,906.94244
0x1469,561.8928
0x124a,780.73004
0x5d3,992.20447
0x3c40,659.6908
0x514e,773.013
0xfd7,789.45374
0x21ca,734.78467
0x840,668.63605
0x373c,711.82086
0x1c7c,1057.1892
0x785,695.4501
0x2348,972.55804
0x4a96,701.0396
0x3c8c,809.9924
0x2763,534.1253
0x1d5b,634.4441
0x7e7,739.60236
0x336a,549.4784
0x1587,559.818
0x2228,728.0591
0x1a8a,1089.7781
0x34c6,883.098
0x485d,1046.1556
0x4f7c,948.44604
0x4e98,809.2449
0x461,527.7241
0x1b7b,580.1873
0x24b2,445.8039
0x2c58,758.8187
0x2b78,773.28845
0x1106,785.64294
0x2309,718.0105
0x19c9,677.00946
0x2f60,827.1237
0x1415,779.2248
0x3242,997.963
0x2cd1,656.84515
0x2dd2,950.7047
0x19df,953.1098
0xc4d,563.7002
0x3a16,1197.019
0x376e,737.55444
0x13ee,790.7457
0x4b2d,872.36597
0x1dcf,667.5945
0x30f5,785.64294
0x846,976.3958
0x131e,712.2277
0x2479,636.82477
0x49ce,723.713
0x25e5,663.3252
0x1e51,965.95496
0x4cff,561.6927
0xdbf,666.6507
0x137c,482.9477
0xce5,697.367
0x4c6a,1004.46985
0x1f08,601.46265
0x19f0,865.9515
0x3360,564.2858
0xb54,550.576
0xe79,577.1663
0x3c0f,742.12
0x4f23,737.0583
0x1d39,739.60236
0x1b32,760.20526
0x1b85,877.9114
0x766,939.23376
0x7dc,1189.4625
0x2e7d,603.3326
0x1235,580.51776
0x5b9,793.3112
0x283e,712.2277
0xaee,782.62415
0x3bd9,485.15778
0x17e4,1163.013
0x1952,1022.35236
0x1f8d,743.05554
0x2234,622.6804
0x865,895.0221
0x1793,909.46906
0xdd6,893.27167
0x28c3,1105.6882
0x2247,990.13495
0x4caa,533.59296
0x358b,865.74725
0x5122,700.9718
0x4cad,562.55273
0x2444,846.1912
0x10c3,700.0588
0x3e8f,1154.9595
0x32a6,772.09015
0x2511,805.52814
0x2d81,556.6106
0x29fb,894.86633
0x44a1,903.8585
0x292d,786.54803
0x2b1f,703.3342
0x1c22,759.7898
0xb6f,711.15717
0x4169,931.07214
0x1b8e,727.7065
0x14e4,902.3379
0x1f6a,713.45245
0xa7a,863.57
0x491c,560.3439
0x3506,753.8068
0xb59,845.42865
0x2c7a,1059.6888
0x1019,699.1178
0x2dcf,1076.5664
0x4bee,782.0135
0x3672,864.53656
0x426e,948.44604
0x1bc5,632.6267
0x47b5,768.4105
0x2dac,603.3326
0x5202,1085.5248
0x339f,846.81384
0x22c9,1015.0236
0x4dd9,934.1106
0x90a,774.365
0x4e71,591.83014
0x2b21,933.51404
0xe04,718.3483
0x321f,540.79785
0x473a,713.45245
0x29d1,517.90814
0x4136,732.50055
0x1766,939.10834
0x2a75,790.98737
0x79d,669.8518
0x2c77,453.33167
0x19a1,624.40344
0x22a0,512.36163
0x4af7,1035.4978
0x335a,531.5853
0x32f5,912.3075
0x1304,578.71515
0x1f31,731.54034
0x1be3,541.97876
0x1fa7,687.66046
0x4187,619.2671
0x3599,950.9344
0x2e69,687.29626
0x19d1,907.7835
0x849,909.2146
0x4e2d,639.38477
0x40c6,676.64624
0x3abc,649.8426
0x29ad,797.1968
0x1074,946.1072
0x223b,704.0459
0x4db0,623.20966
0x359d,671.30365
0x3c33,809.97644
0x210d,557.98236
0x1676,1083.3846
0x2749,803.64575
0x1018,1056.2249
0x1868,472.72806
0x3b2b,711.15717
0x5061,935.4773
0x2d3f,719.4269
0x4d92,990.1068
0x1bd3,1011.4402
0x4f44,712.2277
0x75e,1360.5929
0x5116,677.90656
0x1dc1,581.4286
0x1239,653.429
0xc3a,811.13574
0x4742,807.3013
0x2de1,813.3391
0xb42,686.9791
0x14eb,597.2429
0x90d,698.58405
0x1c21,703.3342
0x279a,516.7657
0xca6,871.8521
0x2900,627.2729
0x1960,999.70984
0x39a3,897.8455
0x24ea,756.90845
0x25db,767.85144
0x3c21,828.3442
0x3725,767.85144
0x3ffa,1149.8809
0x3881,1360.5929
0x516d,953.1098
0x3f40,807.32947
0x4d73,883.4209
0x51ff,682.46204
0x3e15,778.69543
0x2aac,935.9709
0xd4f,866.04877
0x1c8a,923.45764
0x1ce4,939.08997
0x2055,553.5601
0x2b9d,757.8294
0x3ff9,566.3658
0x4dbb,492.29797
0x4d91,992.36584
0x2955,840.9506
0x1eb2,794.67285
0x63b,641.14435
0x4e23,910.361
0x4ea6,777.79456
0x14fd,523.8214
0x2694,793.959
0x45ea,557.0954
0x2dec,665.30164
0x42a0,1098.1975
0x3125,569.7948
0x3ebf,648.92303
0x5004,669.51556
0x1ba4,931.3758
0x1b59,776.30756
0x22f9,551.10565
0xac4,891.63055
0x11bc,747.08966
0x4c1c,814.2794
0x18f2,985.0762
0x4e69,807.62006
0x3393,558.61835
0x169a,848.6993
0x39ee,998.32043
0x468e,667.4729
0x2313,952.5991
0x1ce7,732.50055
0x3e29,948.10315
0xc76,1026.8087
0x1484,699.0685
0x453f,743.38684
0x3719,478.36176
0x23a5,676.0446
0x3110,788.67413
0x38f9,550.6492
0x50b9,964.61505
0x2e58,1110.1237
0x3a07,705.67474
0x579,742.22394
0x1e03,919.61414
0x421d,758.85455
0x1631,616.6614
0x4a1d,753.8068
0xfa0,792.536
0x3f7,672.3382
0x283c,621.2368
0x2ae0,780.68115
0x3c52,773.28845
0x3b45,529.3042
0x141e,906.5085
0x1ca0,887.5289
0x15b0,518.8191
0x15c5,929.5537
0x1912,703.54175
0x3653,606.9197
0x51a5,809.89825
0x2b1a,670.5229
0x43f5,778.6431
0x3dd7,981.38196
0x20a2,616.6614
0x16d1,857.5024
0xba0,532.30615
0x2b52,778.40265
0x136d,754.1047
0x425b,545.1851
0x44b6,758.5171
0x4868,712.2277
0x2a34,472.57562
0x33ba,777.96954
0x4517,951.41315
0x1a5a,769.4066
0x361b,692.3297
0xd0c,538.45886
0x1206,726.3421
0xe19,806.97156
0x3f04,667.43146
0x37d1,745.8988
0x1947,976.0848
0x4449,852.7367
0x4995,786.9511
0x124d,774.86017
0x41f0,908.36334
0x12da,776.6225
0x8b0,779.1027
0xbb0,795.10944
0x1678,733.6626
0xd29,945.5375
0x1192,989.819
0x1c27,943.59064
0x1c84,1092.5183
0x51b7,699.1178
0x4c02,675.5833
0x29c6,867.6359
0x46f3,638.3473
0x7aa,625.4118
0x1a8c,779.1881
0x4714,700.41626
0x314a,616.44666
0x446c,757.3425
0x442a,712.2277
0x32e8,602.1825
0x17a5,1161.9102
0x3f71,653.72815
0x7d8,560.3439
0x144f,899.90186
0x1818,597.6835
0x44b4,1016.0089
0xde8,780.73004
0xbac,575.5726
0x25ba,1360.5929
0xa9b,558.52826
0x4987,939.619
0x3898,663.92456
0x19b3,644.07025
0x370f,849.2578
0x1aec,565.1296
0x3855,984.5011
0x3fbb,789.97
0x36df,556.77704
0x1b46,633.8678
0x4ea0,942.981
0x3c7c,725.15704
0x1791,713.6509
0x461a,832.25934
0x466b,697.77936
0x4ac9,927.1209
0xcbf,911.93005
0x423f,574.8739
0x394f,601.64703
0x2670,680.3338
0x4ba8,676.95825
0x2712,597.6136
0x169d,534.8019
0xaad,614.703
0x3760,919.61414
0x51ec,655.9931
0x3c2a,711.7835
0x25a1,1023.6781
0x4383,556.77704
0x2bbf,496.50494
0x387d,658.4921
0xe4b,723.9513
0x326f,838.8197
0x10e8,519.8989
0x1cad,865.90375
0x490,929.5362
0x3ea3,624.69086
0x4f3e,863.6691
0xe51,751.94055
0x767,980.3689
0x2538,597.0583
0x11d3,491.59174
0x33b2,894.78076
0x2eb2,727.7065
0x887,998.5305
0x8ad,562.55273
0x2c34,598.662
0x3a41,883.098
0x3978,472.57562
0x67b,993.9572
0x2d34,767.7364
0xb5c,989.4778
0x4396,710.8332
0x85e,961.126
0x24d8,652.1254
0x13ab,729.7258
0x2429,562.55273
0x2390,908.36334
0x5ab,859.7344
0xdd7,617.8736
0x2977,572.36145
0x31dd,622.7695
0x1d08,552.8377
0x2991,559.7063
0x3ac7,871.8521
0x2602,879.8308
0x3c25,830.1812
0x424f,809.7094
0x3767,751.0098
0xcfa,761.6553
0x3929,624.99713
0x4879,769.4066
0x4799,518.26587
0x325b,658.1769
0x3434,854.82367
0xe8f,597.0209
0x4d5f,761.6553
0x18f7,523.54504
0x4fbf,697.367
0x4a11,922.295
0x1422,769.4066
0x507d,736.14185
0x44e1,844.0553
0x459d,909.13574
0x2fe3,677.5089
0x38d1,511.21048
0x3ef6,815.76697
0x1647,721.3311
0x3cfa,866.924
0x41f6,939.22327
0x28b4,712.2277
0x2fdd,896.4888
0xcef,908.94745
0x2e25,784.3917
0x24b5,1005.5407
0x4245,621.0685
0x3cfe,1023.6781
0xf72,498.71844
0x26d0,770.73
0x8d6,603.4108
0x3ba5,693.6806
0xd3e,758.2524
0x4aca,1085.5248
0x6c1,1080.1049
0x46c5,921.884
0x2bfb,919.61414
0x3259,560.47723
0x4cef,1074.5807
0x4452,670.5015
0xe14,612.0449
0x346e,905.6739
0x3612,857.05145
0x4da5,771.53326
0xe22,756.90845
0x3a4f,790.69586
0x52f,532.02747
0x2797,780.7053
0x3c66,694.23267
0x3453,634.0262
0xc60,771.2282
0xcaf,712.2277
0x2cfd,1119.0985
0x48fe,616.5026
0x67c,912.19135
0x1ae8,666.213
0x3f92,842.3388
0x4fcc,731.2365
0x4137,879.8308
0x44aa,625.6476
0x5157,698.58405
0xd2f,827.6497
0x2a45,1068.0455
0x2785,562.55273
0x18a6,791.2195
0x47e0,669.8915
0x47c4,497.83377
0x35d0,968.1077
0x24ec,484.4903
0xace,698.04297
0x2181,629.8987
0x168e,894.3986
0x3371,921.8444
0x747,949.4625
0x3ab2,647.7225
0x40b4,862.5005
0x41be,1084.7726
0x1fc8,993.71545
0x33d6,465.2453
0x4344,848.7567
0x4251,443.47806
0x541,379.47427
0x263b,830.1812
0x3997,586.3094
0x41c2,904.6741
0xc62,643.9342
0xaae,842.5852
0x714,821.11926
0x5055,700.8006
0x664,738.9836
0x51ca,538.162
0x3d84,870.3169
0x3173,898.24927
0x4e44,830.1222
0x288e,602.8614
0x4c91,814.3705
0x2142,731.64655
0x1c12,758.5171
0x290a,780.73004
0x45b5,759.30676
0x4f2e,998.13544
0x2e10,841.7394
0x4f0c,621.45264
0x2733,863.6691
0x1b6b,833.5206
0x16df,533.59296
0x17bc,785.2075
0x248f,558.84546
0x4e2b,845.49744
0x4133,884.8004
0x838,778.71344
0x122f,761.93506
0x4442,776.0929
0x5ea,693.87024
0x482,987.2782
0x16b8,703.4623
0xfc7,854.024
0x175e,500.9203
0x4998,1056.2249
0x3d8e,953.31757
0x41bc,654.04016
0x340e,550.19934
0x2708,793.22437
0x48f4,634.2506
0x4f01,1195.0251
0x3623,491.91135
0x19d3,676.9664
0x2224,678.73834
0x4fd,764.0772
0x3830,883.098
0x3ae6,702.2017
0x31f0,618.67175
0x4758,686.64294
0x4ed0,812.8896
0x49e4,560.3439
0xbc4,729.41736
0x647,887.9232
0xee6,692.73517
0x4961,720.0364
0x3901,1213.3059
0x4edd,841.84985
0x2db1,935.9709
0x668,765.27856
0x3efd,551.71216
0x476b,950.01733
0x36b8,614.94366
0xb47,544.5877
0x4015,840.9041
0x3fd8,722.59033
0x3594,851.55994
0x21ed,879.8308
0x1893,889.6216
0x27c5,680.6979
0x3e7f,549.2429
0x2f4e,870.46466
0x2d99,441.51175
0x40d1,543.1955
0x5196,844.0553
0x5ff,599.1634
0x3b88,954.60297
0x2137,794.50995
0x4a4f,830.1069
0x3da0,664.03656
0x3b0b,1025.1761
0x4d9,1035.4978
0x339c,442.59283
0x1d12,1029.0416
0x5127,880.0201
0x2635,533.3221
0x38c8,721.3311
0x8e0,692.3297
0x375b,813.42596
0x33f6,1026.8087
0x3e7b,852.7367
0x3a77,742.22394
0x24aa,674.5557
0x2f02,757.4961
0x3287,770.5077
0x2c60,700.4991
0x2d5c,653.85406
0x194e,982.16833
0x3e40,614.49225
0x879,759.05304
0xdb5,565.1296
0x262f,1064.8384
0x2f65,906.16437
0x40c3,849.2578
0x1ccf,482.28995
0x2ac7,782.0382
0xcf4,923.103
0x31dc,914.1204
0x37df,1089.7781
0x251a,837.9141
0x1704,860.5356
0x19bd,561.6927
0x4b4e,803.64575
0x83c,793.10754
0x3a72,747.08966
0x18c9,767.4647
0x85d,760.0303
0x2197,1083.3846
0x3b3d,889.6216
0x168f,833.414
0x43f3,777.79456
0x42dc,624.69086
0x34e8,1049.1854
0x20c9,1021.7311
0x3354,861.9556
0x4fd0,1106.233
0x4f2c,984.3966
0x942,562.55273
0x34c8,1063.3417
0x2a38,829.36224
0xd51,671.2974
0x447b,630.3401
0x3e6e,586.3094
0x458e,528.6851
0x2c04,983.5398
0x2409,919.61414
0x434f,772.09015
0x460d,580.24286
0x4c51,579.2708
0x44c8,1047.9884
0x4aeb,908.36334
0x2e5a,579.985
0x3db9,1033.3632
0x11d9,560.47723
0x24fc,921.63605
0x3322,921.29095
0x2f6e,984.0846
0x731,653.85406
0xcc0,1065.0981
0x3b80,769.9781
0x1b02,633.6955
0x44ef,691.3563
0x587,482.9477
0x35cd,767.27954
0x1ae0,846.1912
0xc2b,1014.776
0x9a4,706.0706
0x373d,662.5668
0x3e9e,878.0722
0x511d,628.5742
0x4507,833.7933
0x1345,472.72806
0x1271,807.058
0x4f36,760.0303
0x1c2d,1055.9667
0x10b0,458.1655
0x4a10,606.92004
0x166a,665.1013
0x4743,830.2738
0x4857,523.8214
0x2545,560.3439
0x30de,1102.6262
0x3029,811.49286
0x1544,977.4886
0x2525,787.26154
0x1650,485.15778
0x2359,518.8191
0x49f3,863.65314
0xd26,827.1816
0x3d76,919.2888
0x2cfc,562.55273
0x4fb3,632.697
0x2111,996.5736
0x28f7,723.9849
0x10be,619.4952
0x2321,664.99536
0x2970,716.0203
0x1aa0,710.0052
0x4d18,565.4229
0xfb5,729.41736
0x2986,623.22784
0x979,581.4286
0x3936,1263.4218
0x4ee8,695.8526
0x31d1,1111.7811
0x540,580.1873
0xa4f,685.14124
0x4a7b,916.3109
0x4549,523.1461
0x485f,834.09894
0x28fa,786.9511
0x4734,1056.8403
0x4162,630.3787
0x29fd,648.2078
0x2108,549.4784
0x36e3,921.1624
0x22e0,464.47012
0x1344,729.41736
0x72f,719.596
0x1fca,789.288
0x31ac,605.3089
0xa3f,630.3787
0x5028,792.536
0x7a4,751.0098
0x4e3f,513.7181
0x2dab,573.17505
0x1849,1023.906
0x176f,738.9811
0xcb2,688.632
0x155a,642.6544
0x3f68,634.2506
0x48f5,745.4706
0x2c53,474.85782
0x4ff3,859.6803
0x2e82,670.7506
0x1bc2,550.8022
0x4cc3,1011.7887
0x8a7,1220.3568
0x2543,624.30695
0x213f,751.4974
0x1375,657.18353
0x3f6c,676.4457
0x5133,824.51385
0x5113,759.73425
0x1894,574.6225
0x4c62,757.1278
0x30c6,1072.8218
0x1939,580.1873
0x1749,1014.776
0x402f,937.4471
0x439,767.4647
0x22da,1002.3811
0x437b,549.2429
0x11a1,933.7592
0x3d67,600.4881
0xdc8,489.50943
0x3b34,1154.9595
0xc84,481.70178
0x1be6,1065.0981
0x2281,813.3963
0x5d0,638.29785
0x2996,635.97797
0x29ee,948.44604
0x111e,953.81635
0x245c,860.6879
0x4151,913.2575
0x17e0,780.7053
0x4dc4,719.2881
0x4064,923.45764
0x4241,638.29785
0x50bb,806.4931
0x4a3a,484.4903
0x1a6d,965.92926
0x49b,597.6835
0x34ac,695.63403
0x30ae,897.3169
0x8f3,653.82635
0x2487,807.6592
0x217a,770.73
0x378d,847.1155
0x1a6b,691.1628
0x17d8,842.9821
0x497e,968.9078
0x4161,624.0442
0x5de,551.8127
0xbfc,889.6216
0x4eb1,694.2993
0x70c,1037.8976
0x3467,1047.0438
0x12cd,633.81854
0x14b2,964.0147
0x1ccd,1070.6377
0x2074,910.361
0x7e5,865.95605
0x170a,700.01013
0x4a7e,1110.1237
0x3535,882.8938
0x30e8,732.9997
0x503,788.67413
0x6a1,558.52826
0xb98,827.6497
0x505f,813.22754
0x3c50,699.9289
0x2349,680.2564
0xb6e,767.4647
0x3437,908.36334
0x9c7,950.19904
0x459b,721.3311
0x4482,1102.1656
0x3174,923.7481
0x320d,721.10706
0x1131,601.6496
0x278d,764.84265
0xa41,686.327
0x44a3,769.4066
0x1747,687.2431
0x1289,920.9027
0x51dc,795.2034
0x2449,855.43994
0x5e6,692.4874
0x6bc,602.1825
0xe20,698.71246
0x3c07,689.69495
0x2650,757.0558
0x25f3,776.583
0x3f3d,690.4784
0x269d,523.8214
0x6d4,786.54803
0x11f4,829.69055
0x4b4c,689.33405
0x2109,586.3094
0xb9b,710.0052
0x1fe6,915.38635
0x3d14,983.75604
0x25a2,1092.5183
0x4ade,765.27856
0x3d5a,946.5656
0x41ee,773.6476
0x1970,828.2435
0x3c7a,994.37787
0x4c3e,561.50806
0x14af,1112.3848
0x4bf0,525.33417
0x21df,676.89935
0x377f,948.44604
0x2ccf,574.23865
0x268e,709.1096
0x4502,678.88306
0x10b9,702.4524
0x1a9c,596.5768
0x253d,677.3958
0x30ef,754.1047
0x23fc,465.2453
0x43f1,613.6682
0x4e1c,935.69025
0x44c0,1110.1237
0x41bf,533.3221
0x173d,940.43176
0x41d4,467.94403
0x2c7c,578.5712
0x30e6,566.05536
0x476,550.1591
0x1a96,960.3099
0x4dbc,726.30975
0x36eb,725.15704
0x442b,730.2306
0x1f88,619.921
0x4f7e,794.701
0x3422,940.16956
0x3981,616.91656
0x3018,660.06726
0x17af,453.33167
0x822,769.83124
0x3c80,883.7387
0x380d,1018.84064
0x3529,1240.9104
0x2cdb,526.58856
0xd83,757.8294
0x22c6,668.0033
0x4354,836.9335
0xef3,556.77704
0x30dc,471.42133
0x4140,778.40265
0x4f3,678.76135
0x1d9a,1110.4958
0x2d61,852.7367
0x42d5,475.41187
0x1d80,748.6334
0x40f2,941.02264
0x2d21,444.6987
0x4657,885.68604
0x217d,938.6089
0x4990,909.884
0xa33,936.10144
0x179e,703.3342
0x3009,653.85406
0x5062,814.3705
0x2669,603.62555
0x40c7,725.15704
0x214c,654.1534
0x1548,761.93506
0x32f9,1115.4856
0x2e97,551.10565
0x214d,1062.257
0x257b,764.74884
0x5014,758.5171
0x4ee7,515.00714
0x1bfc,931.82635
0x3714,636.7656
0x2c82,809.7094
0xc7e,972.95245
0x2bf8,616.44666
0x2127,718.8839
0x18e3,711.569
0x159b,559.7063
0x138b,712.43243
0xb7e,501.97705
0x3a45,657.17584
0x15ea,1005.03516
0x534,1111.0007
0x14fa,809.0731
0x50e1,867.08496
0x4a0f,750.8105
0x1a1e,1163.013
0x33af,830.1222
0x36e9,1018.99207
0x181f,844.9511
0x2a50,914.7442
0x14da,793.22437
0x1e4b,719.2881
0x4dba,435.64224
0x121d,811.22156
0x40d3,780.73004
0x3d2f,856.6508
0x5bb,852.7367
0x154f,558.52826
0x18d5,816.91315
0x2fa1,892.53235
0x3aa0,805.7657
0x243d,874.69055
0x1f96,727.1232
0x1973,443.7599
0x2791,854.024
0x2cc0,521.45135
0x13d3,510.39874
0x5153,812.8896
0x44de,553.7726
0x480e,862.4119
0xa28,761.33844
0x2f5d,856.9146
0x58b,769.4066
0x4b8d,736.14185
0x13d5,635.4305
0x26dc,955.72797
0x329e,755.95703
0xa52,668.4592
0x1012,690.37396
0x4e32,936.10144
0x2206,938.50854
0x1af2,790.0596
0x3292,623.29486
0x393b,677.85626
0x262c,755.76447
0x4f4b,597.52936
0x50e5,566.46765
0x2e9d,782.0135
0x470c,1084.6052
0x2fbb,677.00946
0x4aab,995.06464
0x267c,778.6431
0x3d0c,714.312
0x1aed,779.13947
0xf69,904.567
0x3ae7,814.7477
0x1d89,1135.7885
0x4f26,571.18695
0x1e3f,690.37396
0x30aa,845.4974
0xd2e,939.76764
0x438f,910.361
0x3974,645.08344
0x2f9a,1163.3585
0x1b84,892.53235
0x500d,852.5719
0x4b2e,1152.9336
0xc40,865.96454
0xf9f,668.0033
0xddf,879.1472
0x12d9,824.39624
0x3892,616.44666
0x2a1a,575.3008
0x19d7,523.1461
0x4844,742.93384
0x5c4,634.90717
0x1e53,679.27826
0x38a9,624.99713
0x4f5f,515.21216
0x349e,939.18787
0x3486,680.8169
0x4c0e,1189.6418
0x1c3e,1244.9396
0x1ae3,1019.38904
0x3a6e,786.54803
0x1cdb,903.64404
0x3167,807.4392
0x228a,658.78894
0x31c3,456.0514
0x49fa,808.1522
0x3a0b,1064.4644
0x42ac,658.4921
0x49df,649.54724
0x32d2,745.3569
0x369c,725.15704
0x4e92,1010.74005
0x3051,907.2437
0xb7f,989.4778
0x30cb,741.49255
0x2cae,808.6452
0x270d,446.7427
0x332e,915.4074
0x1ed3,916.30884
0x347a,1140.225
0x19db,968.9078
0x4299,561.47504
0x4b6f,659.3052
0x4a49,809.89185
0x3736,1152.9336
0x1586,790.69586
0x4d46,613.712
0x2e03,895.34863
0x13dd,712.2277
0x1764,914.1204
0x2f1f,1081.2025
0x3daf,808.66174
0x3eb1,775.3377
0x48b,528.0891
0x4732,558.08887
0x4533,1054.8263
0x2969,858.2141
0x1b1c,577.7974
0x3ff,916.92804
0x2cfb,942.9586
0x5199,788.67413
0x1812,668.4592
0x6a6,849.6301
0xa3e,781.19073
0x21a8,712.2277
0x1ffb,720.23517
0x196b,1103.1023
0x4548,538.50665
0x1f83,828.2435
0x2549,756.90845
0x3609,777.79456
0x15cd,1132.2305
0x2765,652.96075
0x3224,578.5712
0x3317,897.3169
0xcc8,678.76135
0xb64,716.0203
0x465a,848.6993
0x2483,659.21625
0x17f4,653.4579
0x5e5,1028.8298
0x3c1e,502.22437
0x4d75,1012.06213
0x4a64,965.86957
0x2736,1056.8403
0x1e46,538.5306
0x4534,1057.1484
0x338a,941.9091
0x1717,822.88556
0x2f37,632.697
0x3a35,634.24646
0x118e,566.46765
0xe86,663.65497
0x6f4,938.50854
0x2135,479.50076
0x3ee0,951.52856
0x3806,697.42737
0x4046,635.246
0x2f21,561.50806
0x1dc3,981.80896
0x1bb1,659.2807
0x2af8,575.5647
0x1bdb,1002.9535
0x221e,941.9091
0x3293,1056.6862
0x2693,1102.1227
0x3802,471.31686
0x447f,1002.3811
0x4706,920.36334
0x31d5,982.7829
0x15ed,741.49255
0xf6a,703.4623
0x21e0,962.4799
0x42ad,815.2548
0x2858,977.4886
0x3cce,761.93506
0x1737,879.86224
0x4d2f,902.3379
0x322d,559.5608
0x23c6,614.76105
0x259a,1199.5508
0x32bc,908.76984
0x46d0,740.6244
0x4bd3,1106.0907
0x4e29,527.6226
0x2271,892.53235
0x1411,1018.84064
0x4dce,659.6995
0x4e35,798.3074
0x11c3,939.76764
0x3f42,922.295
0x2701,636.2205
0x2468,889.59894
0x46e2,857.05145
0x1da6,1001.43475
0x234c,701.33105
0x4db4,735.2927
0x2b98,695.4501
0x4748,878.0722
0x14b9,525.58466
0x3f66,739.60236
0x31ed,914.1204
0x2003,556.83795
0x56f,908.8404
0x21fd,893.5354
0x3890,673.97015
0x3e09,807.058
0x23a4,914.204
0x46f,637.7192
0x3975,887.0517
0x3b8c,725.15704
0x2242,614.2775
0x59d,445.8039
0x206f,484.38474
0xcb9,699.2072
0xc0e,639.1408
0x1ee6,672.9398
0x36ee,726.30975
0x4745,877.2582
0x23bc,679.55597
0x3274,490.1238
0x50e8,817.01654
0x4804,562.55273
0x91c,375.29697
0x445e,824.51385
0x4a24,983.75604
0x146d,662.1219
0x1bff,678.2829
0x4202,860.0275
0x98c,663.6363
0x23ed,654.4686
0x913,852.7367
0x2491,757.8294
0x29e4,591.3591
0x214e,813.3963
0x48cc,973.67285
0x551,806.16736
0x20be,603.3326
0x2023,765.9461
0x27df,777.5541
0xcc2,548.237
0x4568,562.55273
0x3c38,909.9261
0x386c,871.4515
0x49cf,848.45337
0x2ab8,686.9791
0x1212,559.3794
0x2212,1101.6198
0x6c9,1010.5416
0x1ed4,1080.1049
0x2a76,1027.4998
0x37ca,846.96075
0x15b2,820.50244
0x4a1f,654.04016
0x3bf6,680.9957
0x2446,856.3843
0x1f4b,857.05145
0x2df0,852.5719
0x38bd,649.66473
0x4ad1,597.0209
0xece,393.65485
0x4860,703.3342
0x3538,951.13544
0x3c8e,802.25903
0x34e7,778.24097
0x3875,1079.3953
0x355c,543.3724
0x6d6,694.28723
0x3248,836.9335
0x324e,706.9311
0xdcf,756.2427
0x4359,512.7797
0x211b,517.3122
0x4725,470.78223
0x3005,838.9821
0x2b27,521.413
0x85f,921.2121
0x11cb,777.86145
0x407c,497.9315
0x42bf,772.09015
0x391b,852.7367
0x3e39,774.5356
0x35d4,1055.4517
0x978,566.3658
0x2b8e,827.6497
0x3b00,715.1199
0x10c5,866.7795
0xcac,888.5019
0x4594,869.9248
0x29ae,447.2224
0x1ac4,568.7975
0x2d3b,1018.99207
0x1af9,1023.10913
0x2073,678.91113
0x1114,917.8181
0x62a,723.6221
0x48bc,447.2224
0x9c4,493.95752
0x4bcc,818.1198
0x507a,850.62616
0x260d,653.85406
0x782,917.805
0x479f,748.6334
0x4668,755.07904
0x4062,690.2301
0x2191,915.4878
0x18c6,580.1873
0x40ee,694.28723
0x3f86,573.17505
0x3327,665.90265
0x1c43,702.2334
0x2fee,575.3511
0x2357,698.2288
0x4dd5,786.12836
0x389b,1263.4218
0x50c4,829.69055
0x265c,906.94244
0x15ab,503.10645
0x1f80,738.81415
0x3f2f,636.405
0x400a,994.37787
0x4c7,807.4392
0x2f32,951.1
0x50e3,857.05145
0x63d,821.7187
0x1a4a,852.5719
0x4b89,624.40344
0x332a,778.39105
0x345a,908.29083
0x1ca7,692.7747
0x2c28,631.34094
0x3058,560.47723
0x41c0,852.3644
0x335d,780.46484
0x20f8,572.2178
0x2739,680.88904
0x33a8,831.4106
0x15a0,676.89935
0x1e16,709.0169
0x2ea6,678.4025
0x3f2e,953.1098
0xa59,673.9183
0x48d2,703.4623
0x3710,445.8039
0x1f09,1012.7905
0x4ef,910.6564
0x301f,561.5219
0x3ed3,490.1238
0x4d4d,695.0234
0x4d7c,881.15015
0x1f59,732.4631
0x530,842.07227
0x11f7,875.31104
0x1f32,688.1148
0x4bd,472.72806
0x4e5a,542.57947
0x29a1,981.1276
0x2076,638.604
0x4c3a,561.6927
0x510e,811.50134
0x1c4e,1023.6781
0x3b8f,549.62915
0x226d,679.38837
0xa14,909.2146
0x34cd,807.4392
0x5b5,1002.9535
0x4770,713.45245
0x1d47,736.93256
0x49c9,554.28864
0x4e67,892.53235
0xaf3,1021.7311
0x2e08,1093.1948
0x4680,859.7894
0x4083,805.8961
0x2cb5,527.697
0x4219,1001.56726
0x48f1,856.6508
0x517b,941.6334
0x514c,579.75726
0x2b6a,852.6309
0x38cb,794.67285
0x3ceb,892.67444
0x51ce,860.9301
0x4ea9,1062.257
0x12fc,740.6244
0x46af,790.7457
0x2c03,780.46484
0x73d,656.84515
0x29f3,625.3474
0x2381,889.6216
0x42ef,587.332
0x1fad,688.9024
0x39ae,1189.4625
0x379e,922.9934
0x5fa,1103.1023
0x3b8b,558.84546
0x3ce1,867.12823
0x5093,770.73
0x302b,1006.05066
0x524,805.85254
0x446b,561.5219
0x2bec,976.4368
0x77d,987.5416
0xd76,770.5101
0x4cf,535.5078
0x1058,723.14185
0x25e4,1263.4218
0x2428,785.4186
0x3439,614.703
0x2210,921.8444
0x47ed,698.58405
0x2269,621.633
0xf2b,870.4659
0x1204,692.72644
0x4306,560.5406
0x245a,982.7829
0x1a6e,851.55994
0x2add,641.42523
0xbd7,884.8004
0x1449,598.17096
0x2086,822.5073
0x9ee,1011.6669
0x1e35,741.13086
0x434a,656.6672
0x24fe,779.12854
0x5179,912.8235
0xc75,884.8004
0x134b,594.59424
0x2a55,1112.3848
0x3c6f,665.1682
0x4262,707.42224
0x1522,664.66797
0x395f,544.38385
0x2325,857.00275
0x2ec2,978.465
0x28aa,856.6998
0x2024,684.3698
0x3048,471.31686
0x2f5a,1057.1484
0x2daf,696.7033
0x1746,621.60065
0xef9,729.41736
0x4a5e,566.4947
0x2f98,375.29697
0x391a,578.50995
0x19b0,649.2509
0x4ff7,724.5953
0x1711,721.10706
0x1275,443.7599
0x34ae,1244.9396
0x42f,558.215
0x19ec,921.29095
0x4167,919.61414
0x32d7,783.9622
0x2673,811.42664
0x423c,780.73004
0x4365,602.1825
0x263c,998.32043
0x3585,521.6109
0x4f75,756.90845
0x4150,1199.5508
0x1dc8,636.61053
0x1d42,664.7592
0x19e2,815.7056
0xd8d,704.0459
0x4e4d,794.86615
0x2558,838.9821
0x4022,792.1355
0xbe1,791.5186
0x3c4b,626.0048
0x4aa,620.0172
0x3bad,697.4599
0x3a1e,892.6776
0x3aaf,573.17505
0xb89,1005.5407
0x27d6,876.0775
0x2565,627.2729
0x458f,894.2723
0x2d63,865.79376
0x2a30,787.5638
0x3a47,845.49744
0x31ff,991.9912
0x1004,989.819
0x4be3,817.9049
0x21be,781.6309
0x4a60,853.86896
0x2851,1263.4218
0x2007,679.30035
0x5102,942.2959
0x1b25,792.536
0x108c,819.1727
0x23d5,795.2034
0x1c31,920.36334
0x1914,941.298
0x1aaa,1197.4055
0xccf,679.6185
0x2be6,743.05554
0x4efa,617.4282
0x2616,811.13574
0xdda,587.0148
0x3c5c,965.9215
0x4326,723.4067
0x4421,756.90845
0x3d4b,586.3094
0x1e2a,1360.5929
0x3ecc,779.24304
0x4b0c,1130.1002
0x43fd,566.4947
0x4677,725.15704
0x50ae,859.93634
0x32bb,809.0731
0x2df6,619.4952
0x16c6,561.5219
0x35ec,614.55524
0x699,772.77704
0x3874,778.48145
0x4d1c,465.2453
0x263f,927.0432
0x4a5a,722.85376
0x31cf,685.54065
0x1559,1002.20245
0x1393,894.3986
0x2e8f,627.2729
0xfd6,949.1121
0x34d2,963.807
0x132f,760.0303
0x1294,649.66473
0x2ab4,509.56552
0x302c,649.8426
0x172d,963.651
0x3373,640.5272
0x2cb3,857.31525
0x876,806.89417
0x3fed,708.9031
0x43ca,694.2993
0x3102,710.0052
0x3f3c,975.1838
0x4aea,856.3843
0xb41,921.7358
0x450f,990.8687
0x48a2,1005.5407
0x3fda,998.0079
0xa8d,829.2473
0x33d0,829.7673
0x621,807.32947
0x1c41,627.4866
0x1596,751.0098
0x4063,909.45294
0x4a91,623.22784
0x2552,491.91135
0x38b0,635.246
0x29a9,923.20575
0x3775,751.9498
0x3457,682.81036
0x1e7b,724.24365
0x49a8,643.7287
0x4343,738.833
0x261d,1005.5407
0x355b,674.35486
0x1e3a,993.71545
0x4291,882.50397
0x8e2,580.1873
0x38bb,855.0902
0xdc5,1097.794
0x3a8d,790.7457
0x107f,596.3844
0x32cd,784.7683
0x490f,444.6987
0x2ba4,894.1867
0x25bf,784.5546
0x175a,1135.7885
0xa8b,866.924
0x895,630.7594
0x4782,822.07196
0x4cb1,623.22784
0x48f9,930.978
0x3b4e,914.1204
0x3de5,445.69632
0x2bb4,653.85406
0x46b0,474.6026
0x38d6,719.985
0x1c82,498.04355
0x2e1c,442.59283
0x50ca,845.23083
0x334a,642.59344
0x12f7,756.1825
0x1178,1010.74005
0x19a6,1206.046
0xf3c,911.7996
0x2bdf,897.3169
0x3c2e,798.00055
0x4387,535.27466
0x1753,522.42
0x2340,447.2224
0x22af,626.15076
0xe52,884.8004
0x1faa,849.1988
0x3b59,688.02094
0x2967,934.0725
0x1cc9,946.3689
0x1265,1154.9595
0xef8,764.07196
0x15c6,1113.7693
0x8f0,560.3439
0xb20,910.6564
0x3c4c,804.65875
0x2488,587.0148
0x2ef8,910.7352
0x448b,941.84503
0xa5c,880.1083
0x23b4,622.0165
0x3dd2,482.30243
0x1d6e,780.7053
0x161b,1002.9153
0x2776,653.67126
0x376f,998.32043
0x61c,1007.3145
0x3f9,939.22327
0xa74,865.9515
0x20d9,987.2782
0x313a,908.36334
0x2513,1094.4298
0x727,725.15704
0xab3,851.8265
0x4767,535.0843
0x4aa3,1099.4708
0x3363,575.41974
0x4e46,746.7661
0x32e6,840.9506
0x2fd6,723.713
0x1c69,732.7592
0x2171,1034.6376
0x5fe,616.8533
0x2ffd,705.39185
0x196c,975.1838
0x4acf,581.5575
0x4256,894.9927
0x3c81,904.14575
0x1d1d,470.71512
0x10e7,739.7979
0x5f9,875.31104
0x335e,1023.86096
0x2fdc,713.7764
0x5126,758.0641
0x439d,1010.9229
0x4c1b,807.40454
0x44b1,704.2367
0x38dd,891.5558
0x318e,486.31915
0x1c55,703.43854
0x1023,782.0382
0x38e1,671.2974
0x4e38,517.92365
0x4f5b,653.74426
0x38f2,731.2365
0x2f41,712.2277
0x43a5,1129.6833
0x2e5b,894.86633
0x4c9f,941.326
0x50d1,558.52826
0x31be,548.1116
0xa49,756.90845
0xdf3,911.70966
0x6a4,670.5015
0x4c4c,624.2545
0x206a,809.0108
0x595,740.025
0x61e,648.5528
0x2aa7,569.6356
0x1247,685.14124
0x1bb7,634.24646
0x1867,897.3169
0x39d2,653.85406
0x4fba,878.1174
0x2f90,982.7357
0x1a0a,736.14185
0x188e,635.0034
0x1c30,909.9261
0x3318,558.08887
0x2eb5,1056.8065
0x3bcc,856.6508
0x2b9a,951.22833
0x405e,896.9433
0x2a62,620.0172
0x529,756.2427
0x1d55,780.73004
0x3cab,694.28723
0x2d19,790.69586
0x1ddb,580.0584
0x2329,959.5846
0x3ca4,928.7963
0xd75,779.48676
0x1ec3,447.2224
0x17cc,1056.8065
0x2353,622.7695
0x65c,559.1057
0x4a75,597.52936
0x4494,889.2412
0x4916,810.1453
0x150b,752.5691
0x1f19,1002.9153
0x355d,808.2093
0xe15,811.22156
0x3344,564.1569
0x4d0b,864.6774
0x4934,561.6927
0x385d,615.71405
0x51b,597.0209
0x160a,965.482
0x36b7,1073.6464
0x3f8d,736.14185
0x46fd,1051.2865
0x40d7,550.8022
0x2e81,955.90796
0x3712,969.45605
0x1bba,724.62805
0x4a6f,682.05884
0x3727,1360.5929
0x8fd,699.0685
0x2306,558.52826
0x3fa9,624.2545
0x2ba2,444.6987
0x3bdc,786.95905
0x4bfd,662.33984
0x3572,777.938
0x2f49,523.1461
0x95c,1116.4131
0x3b82,935.4773
0x1e89,493.77673
0x503b,1008.81757
0x4147,680.16534
0x2532,810.89624
0x32ea,1014.2276
0x5c6,663.92456
0x3e44,950.9344
0x1b3b,857.05145
0x762,725.15704
0x6dd,793.1202
0xdf1,744.28534
0x39c2,746.1948
0x1e1d,923.8979
0x79c,828.8947
0x1b8d,909.65283
0x12ac,527.3698
0x2d6b,642.6544
0x44ce,817.9049
0x4556,918.2188
0x13ff,723.713
0x27d8,854.5306
0x1530,670.3822
0x51bd,811.8222
0x1f4f,600.2776
0x3dbd,655.9931
0x926,598.87225
0x2e11,745.3447
0x2203,1015.0027
0x4270,858.67914
0x46a,745.4706
0x29cb,597.0209
0x34b0,587.02655
0x35b6,782.0135
0x154e,828.94763
0x7ed,724.46466
0x4590,1106.0907
0xe7c,809.7367
0x243b,1062.257
0x2040,640.71173
0x2391,786.12836
0x85a,688.5646
0x4e3e,770.5077
0x32c1,698.58405
0x175b,788.60986
0x1ec1,899.2566
0x21b1,736.8365
0xe8b,721.9942
0x329a,962.78845
0x345d,573.52026
0x300d,819.6128
0x2b49,821.92804
0xab2,764.84265
0x28c6,806.2714
0x2a5c,840.9506
0x4229,935.9696
0x30c0,894.60895
0x303a,946.3689
0x3e10,702.1786
0x2b05,885.3845
0x33e7,736.14185
0x33f7,853.00323
0x2787,856.9146
0x50d3,757.50134
0x4fcd,855.43994
0x620,635.0034
0x3bb8,940.4734
0x4946,918.74994
0xfbc,777.79456
0x3c2c,852.5719
0x8df,490.7913
0x57a,615.6999
0x31b8,757.3425
0x2c0f,439.61264
0x1f6f,533.89545
0x5108,951.41315
0x2b7a,710.5661
0x1272,1017.7052
0x4f90,676.5081
0x3d75,828.3442
0x3d8d,689.33405
0x2726,633.62524
0x516e,866.924
0x73e,549.4784
0x32ee,893.0819
0x1463,712.2277
0x2f4a,931.91974
0x37ea,623.22784
0x3b69,837.12646
0x91d,605.253
0x37fe,965.9215
0x2911,714.312
0x2db8,491.19592
0x210f,747.22375
0x1971,605.253
0x22c0,718.02435
0x1572,1244.9396
0x80b,805.8881
0x999,1220.3568
0xe6e,491.91135
0x1c6e,671.5708
0x2d3d,991.82574
0xb9c,439.61264
0x3be8,751.0098
0x35ea,990.8687
0x11db,891.87085
0x19b6,851.8265
0x2199,528.94434
0x2470,491.24387
0x1770,758.5171
0x13ac,888.5019
0xd3d,770.5077
0x233c,780.73004
0x1369,1103.1023
0x3299,986.9615
0x4cc9,614.94366
0x4dfe,1115.4856
0x1231,935.9696
0x3bb4,915.38635
0x4676,560.3439
0x2d78,795.4213
0x15b6,853.00323
0x1d1a,521.6644
0x1714,993.1732
0x3c85,913.1657
0x14a2,905.328
0x2d83,486.31915
0x21f5,769.4066
0x374b,572.2178
0x1cd6,719.2881
0x2b7d,1263.4218
0x5174,1119.5271
0x2da7,471.31686
0x38b6,797.6589
0x4609,842.84
0x4c66,865.9515
0x3187,636.2887
0x4b5f,835.205
0x335b,972.3637
0x24e8,872.36597
0x2205,744.2237
0x4ab8,668.4592
0x4066,785.40247
0x67d,927.47906
0x3223,910.7352
0x364e,658.4921
0x2eb9,735.32935
0x494f,791.5186
0x3f9f,665.7662
0x1ccc,979.05664
0x34a6,890.6272
0x1b15,725.3392
0x1a16,694.99756
0x5e9,689.95776
0x2077,881.6229
0x27be,690.4784
0xa01,940.5741
0x4497,806.2985
0x2713,659.3052
0x88d,569.2683
0x834,559.7428
0x116e,533.59296
0x2166,1220.3568
0x292f,770.5726
0x4010,681.53955
0x4bba,951.1
0x1df4,738.9811
0x43d0,710.0052
0x94a,739.7979
0x43ce,862.84814
0x3fa8,375.29697
0x3af6,662.59576
0x2cb2,635.95465
0x4947,616.44666
0x141d,561.8429
0x40db,854.024
0x367e,690.64667
0x7d4,544.9563
0x3257,935.1971
0x1680,1105.5405
0x1299,1017.4251
0x4560,853.866
0x1df6,419.1688
0x2bd0,906.16437
0x504b,776.583
0x238e,769.29376
0x34d1,946.3689
0x1ca3,722.85376
0x1627,914.681
0x420e,799.7984
0x33e8,951.22833
0x45aa,789.69666
0x4ee0,899.85065
0x1a17,917.805
0x3510,1019.54047
0x24b4,776.0929
0x1feb,931.07214
0x1661,503.5414
0x51b6,879.8308
0xfa5,701.0396
0xb5f,721.3311
0x196d,914.681
0x1b0a,1017.88086
0x2294,910.1299
0x9d8,726.30975
0x49a6,623.22784
0x336f,674.5943
0x40ba,1128.6227
0x1a00,533.0358
0x32d3,962.3159
0x71a,504.6235
0x31bf,641.14435
0x3d18,1360.5929
0x386b,636.7656
0x4c8d,564.23505
0x2b53,921.68933
0xcc1,656.6672
0x40b3,511.72205
0x50d7,1033.9445
0x11fc,703.4623
0x38aa,1055.4517
0xb06,899.0189
0x1c58,821.7595
0x3a80,985.0762
0xbbb,480.0354
0x3f97,1041.1179
0xe6d,614.94366
0xac8,665.5766
0xbc6,924.48016
0x4a40,821.92804
0x2a3d,950.4284
0x42cb,705.39185
0x358e,551.2156
0x2a49,725.3674
0x399d,794.61414
0x77a,970.5939
0x1b43,765.27856
0x33e4,959.5846
0x4589,889.6216
0xb71,588.44617
0x20b0,856.9146
0x2837,738.81415
0x143d,946.3689
0x7a7,573.17505
0x1ac5,682.05884
0x3127,475.29422
0x44fd,1014.2276
0x3395,768.5682
0x4f65,881.15015
0x2113,547.8616
0x14cc,810.4146
0x1997,603.2512
0x2029,855.0896
0x1590,852.3644
0x4edf,580.0584
0x47a6,598.2354
0x4f5d,748.67737
0x457,867.12823
0x4485,1040.5115
0x96b,1197.019
0xf6f,1010.9229
0x3e96,592.3635
0x2618,540.31555
0x1706,910.5041
0x21a5,915.9503
0x3bcf,527.7241
0x1dec,652.425
0x1f3d,939.22327
0x12fd,632.1376
0x4c60,834.09894
0x2f8a,774.61053
0x2157,603.2512
0x4690,538.35925
0x4055,770.5101
0x511a,914.681
0x376c,562.55273
0x527,784.1024
0x2667,540.79785
0xf0d,1019.76715
0x3417,471.31686
0x3ce5,638.29785
0x50f2,769.1596
0x3cf0,713.65424
0xdac,737.55444
0x119e,446.75717
0x2773,777.2699
0xb53,791.22784
0x9c0,724.5205
0x3189,594.59424
0x745,815.76697
0xc46,641.14435
0x2527,699.06824
0x1249,778.6431
0x3930,634.00305
0xebd,634.90717
0x60f,625.88226
0x35b1,591.83014
0x3564,693.6806
0x284c,560.6952
0x3483,713.45245
0x7f6,529.8742
0x3dc0,800.8019
0x4c28,465.2453
0xd71,666.213
0x18dc,881.15015
0x2623,621.66315
0x40ae,821.92804
0x246e,946.1072
0x32d8,1010.7188
0x313b,614.55524
0x386a,687.2431
0x224f,863.57666
0x3d0f,503.10645
0x3d78,806.254
0x2c76,556.77704
0x5110,654.49756
0xd04,1038.1128
0x37d9,907.2437
0x1071,991.9912
0x2089,1070.4529
0x3281,586.3094
0x1f5c,455.09732
0x4793,617.3078
0x4d33,791.5186
0x2f34,1263.4218
0x3c55,579.0069
0x3cf9,930.668
0x1360,673.5384
0x13a0,572.5526
0xc42,716.28625
0x3169,676.93463
0x4efd,1095.198
0x50cc,1005.7508
0x1db7,691.59576
0x48e5,654.1534
0x3088,704.2367
0x4a1e,710.87585
0x278f,625.42236
0x3401,601.7384
0x48d8,868.33453
0x117a,824.15436
0x3561,905.26874
0x93d,580.0584
0x2faf,580.0584
0xfd2,731.64655
0x413e,895.34863
0x2493,856.6508
0x4bc8,739.9488
0x2d12,623.841
0x282b,780.17365
0x43a9,686.64294
0x84b,767.4647
0x47fc,780.73004
0x259f,802.09827
0x39e9,951.9238
0x3e42,779.1027
0x421,702.3121
0x1777,838.13464
0x145d,795.0634
0x3085,936.70856
0x44e0,634.0262
0x4c1f,615.71405
0x110a,852.3644
0x2843,620.199
0x3d5b,888.5019
0x4bec,738.81415
0x2d5e,560.5406
0x384d,677.7972
0xbe4,579.0069
0x2707,952.5991
0x17db,705.16473
0x4c23,866.924
0x4e74,742.22394
0x1cb0,637.14386
0x38a2,1084.6052
0x319e,791.2195
0x1f29,527.6226
0x3d40,1003.50085
0x4985,901.11664
0x3caa,959.5846
0x4072,484.4903
0x1340,538.162
0x14ad,744.28534
0x3cac,709.3306
0x435f,618.4425
0x10c8,738.3209
0x1c33,679.38837
0x1d64,884.8004
0x18b3,751.9728
0x1859,1064.5593
0x4661,884.8004
0x4498,755.95703
0x4e9d,1154.9595
0x2a41,994.69385
0x38b7,839.6813
0x1694,423.22876
0x410c,815.70514
0x2b72,910.6564
0xf95,884.8004
0x28b1,755.07904
0x157b,784.3917
0x2d73,548.75287
0x5088,1051.2865
0x3070,949.3908
0x299e,1023.86096
0x249d,1007.3145
0x5085,1115.4856
0x133f,625.85144
0x4cb3,496.50494
0xc30,761.33844
0x230a,790.7457
0x2f8b,472.041
0x3fe9,625.11115
0x1856,714.312
0x1cb3,776.0246
0x39b1,635.246
0x28ab,858.67914
0x3004,614.76105
0x3c44,577.7974
0x2bd7,908.36334
0x4227,855.1734
0x11c5,895.93274
0x2276,613.28876
0x1166,652.96075
0x3d3a,591.83014
0x35ef,756.90845
0x2098,710.87585
0x3c04,922.9934
0x4d03,780.46484
0xb39,895.0221
0x51be,913.31744
0x465,714.312
0x2f28,612.67346
0x3117,852.3644
0x4dd1,879.8814
0x454f,743.5329
0x3c4d,775.3377
0x447e,486.56213
0x4a08,614.8438
0x1cd2,987.2782
0x5a8,739.3647
0x3933,725.34705
0x3fd9,936.0813
0x4b5,675.02893
0x1b2d,548.237
0x149f,851.8265
0x2834,699.1178
0x689,682.6716
0x1a02,987.5416
0x4586,893.0819
0x690,761.2249
0x3e75,719.0551
0x1a10,656.6672
0x1207,847.6073
0x1f2d,512.7797
0x493b,983.90155
0x13b4,1360.5929
0x1259,644.9837
0x310d,677.5089
0x42f6,1085.5248
0x1adb,652.4439
0x4bdf,538.35925
0x1b63,680.3338
0x1c4a,1149.8809
0x13bf,592.9399
0x4fc9,535.9681
0x3c02,464.47012
0x72e,734.4935
0x441,770.73
0x156b,708.4608
0x2b1e,699.8624
0x50be,863.57666
0x20d5,844.03186
0x25f2,1119.8993
0x3591,721.9942
0x1c5a,934.0725
0x2b96,770.73
0xac9,892.99994
0x5005,586.8619
0x468c,876.5357
0x2bb7,658.004
0x350d,836.2492
0x4fad,619.9539
0xe3d,951.41315
0x4a42,883.098
0x4454,486.56213
0x300a,562.04987
0x2e75,905.23553
0x2048,836.6884
0x1d54,921.29095
0x3b48,538.162
0x502a,1030.8453
0x1ece,761.33844
0x2fb1,935.1597
0x23fe,534.8019
0x1e2c,868.1812
0x403e,906.94244
0x31c7,624.40344
0x29da,895.93274
0x3ec2,740.52734
0x3050,558.8631
0x2b28,803.6887
0x269e,561.1802
0x4858,645.6256
0x556,713.45245
0x3cf6,713.6509
0x1503,498.94894
0x3246,678.88306
0x4f7,1044.709
0x2619,913.21844
0x2a1c,982.16833
0x1f26,864.6774
0x1196,982.59424
0x2950,829.1559
0x4612,923.45764
0x212e,567.083
0x265f,773.61005
0x3a0e,475.86557
0x49b6,1063.2167
0xea9,865.03845
0x22ed,435.64224
0x997,679.27826
0x15b9,825.60364
0x4c4b,435.64224
0x4ff,686.9791
0x2624,841.9089
0x289c,782.0135
0x2b24,813.0435
0x10fa,909.5479
0x254b,1263.5835
0x22ad,705.85486
0x4e40,695.8526
0x4790,861.8108
0xf10,773.68414
0x3ced,1027.4286
0x4bc1,838.0829
0x366f,883.098
0x4540,1017.02057
0x395e,536.0855
0x7f4,565.311
0x2562,510.064
0x47fd,632.87335
0x243c,965.86066
0x16a8,697.37866
0x3d16,908.8404
0x376d,839.30096
0xc93,530.0096
0x2153,717.8785
0x228e,914.1204
0x89b,617.35486
0x3bf9,828.3442
0x5024,775.0105
0x4323,1161.4235
0x130b,560.3439
0x3010,606.92004
0x30e2,691.18677
0x3944,1137.7231
0x3a63,898.28314
0x43c,572.36145
0x2f0b,951.9238
0x2d56,931.91974
0x1a89,1184.7083
0x3ba1,654.1534
0x8ba,562.55273
0x874,936.10144
0x4c79,613.3387
0x30a0,832.66284
0xfbf,859.7344
0x315e,1263.5835
0x2c15,1049.1854
0x20ae,1197.1982
0x4048,990.8687
0x2a28,894.16095
0x18c8,863.3531
0x3957,450.3441
0x1498,614.703
0x5139,1003.2908
0x1300,1131.0322
0x572,830.4689
0xd0f,634.47894
0xad6,839.22534
0x3ca7,769.65735
0xdb3,736.8365
0x1718,720.25964
0x1eb3,1263.5835
0x50a5,1163.3585
0x326e,474.3509
0x5121,699.70953
0x525,794.38586
0x51c1,770.0935
0x1f43,943.1041
0x4d1e,856.9146
0x3732,1240.9104
0x478d,602.1825
0x2c29,769.5914
0x324d,857.9797
0x3a1d,445.69632
0x1fed,764.07196
0x18f8,864.58746
0x3260,686.23334
0x3cf8,876.0775
0x2dbb,1009.4136
0x1bd9,649.0102
0x237d,629.38184
0x4491,1034.0703
0x4539,805.6232
0x38e4,951.8079
0x3da3,852.6309
0x3e93,730.17847
0x4405,780.46484
0x4eeb,530.5396
0x3c65,617.7921
0x3f65,829.7673
0xb7c,854.58856
0x1ec8,484.38474
0x17cf,1070.6377
0x254d,499.05157
0x3083,877.88293
0x17eb,822.3588
0x35fe,532.1891
0x3f7f,844.5188
0x4cba,816.0127
0x21f4,688.632
0x2d86,1132.9307
0x26ee,892.53235
0x31c9,983.5398
0x2d95,724.6451
0x1822,1031.6481
0x5175,650.14185
0x1f37,858.5074
0x31b1,599.9808
0x4731,447.2224
0x5af,1119.8993
0x2d38,525.58466
0x2a13,721.10706
0x3af2,719.05457
0xd46,677.4276
0x4652,1038.1128
0x419d,947.7079
0x241d,481.70178
0x2823,739.6583
0x35bd,650.10345
0x3a1f,625.42236
0x4a02,734.78467
0x4fe3,515.5967
0x41e0,837.43054
0x3dac,484.45157
0x449b,966.01904
0x4e43,501.97705
0x47dd,810.59735
0x1ea9,557.2901
0x1db6,864.61255
0x44b7,748.6334
0x3db7,530.0096
0x334e,931.91974
0x4695,782.0382
0x475,664.03656
0x128c,596.12524
0x4d9d,659.3052
0x473b,1113.7693
0x1828,616.44666
0x4c52,888.5019
0x4019,612.67346
0x2acc,697.367
0x3ce3,770.73
0x1951,633.3454
0x47c3,700.6923
0x1dda,875.31104
0x37cc,714.7521
0x1605,565.1296
0x33f9,595.1653
0xcc3,817.8567
0x1dde,941.6334
0x2c3b,1112.107
0x4b6,1040.2965
0x4d5a,844.96124
0x2e01,968.9884
